Date,StatArbTradingSignal,ClosePrice,FinalStatArbTradingSignal,Trades,Position,Pnl
2014-01-01,0.0,0.941682,0.0,0,0,0.0
2014-01-02,-2.168404344971009e-19,0.9394520000000001,-3.6140072416183473e-20,0,0,0.0
2014-01-03,-1.7928515596522462e-06,0.9372860000000001,-1.925543345872806e-05,0,0,0.0
2014-01-06,0.0014054973071381937,0.9406899999999999,0.003158897043582367,0,0,0.0
2014-01-07,0.005888859765489088,0.9380069999999999,0.0026992531458638904,0,0,0.0
2014-01-08,-0.015321928603952529,0.9282469999999999,-0.008759404433597703,0,0,0.0
2014-01-09,-0.013242437170739259,0.924018,-0.0015743912156373056,0,0,0.0
2014-01-10,0.0175289084385871,0.9221010000000001,0.003772358167738143,0,0,0.0
2014-01-13,-0.035233567598897474,0.9170860000000001,-0.025555144545154392,-1,-1000000,0.0
2014-01-14,-0.03409564294737412,0.918949,-0.016830245737319168,0,-1000000,-1862.999999999948
2014-01-15,-0.012518283871771674,0.9134760000000001,0.005626927093684437,0,-1000000,3610.0000000000023
2014-01-16,-0.0021478852916350863,0.913392,0.03585657579117087,1,0,3694.0000000001164
2014-01-17,-0.006924652571661399,0.914746,0.008126581339199489,0,0,3694.0000000001164
2014-01-20,0.02582147593216371,0.911993,0.031862763049134275,1,1000000,3694.0000000001164
2014-01-21,-0.0012094003456778971,0.913042,-0.0023241406880842776,0,1000000,4743.000000000083
2014-01-22,0.0006881361636972925,0.9117430000000001,-0.00651712259508986,-1,0,3444.000000000233
2014-01-23,0.009919203140715526,0.900739,-0.01464285776716443,-1,-1000000,3444.000000000233
2014-01-24,0.023014509317444722,0.899855,-0.019429008405082715,0,-1000000,4328.000000000229
2014-01-27,0.2662733677556267,0.9039959999999999,-0.015312039107144498,1,0,187.00000000034925
2014-01-28,-0.07975805118559276,0.899718,-0.009138542228015177,0,0,187.00000000034925
2014-01-29,0.005812791635638999,0.897183,0.004277720660157785,0,0,187.00000000034925
2014-01-30,-0.027595132537131778,0.894374,-0.0030379563474396114,0,0,187.00000000034925
2014-01-31,-0.0399560935003243,0.896387,0.005870649130091803,0,0,187.00000000034925
2014-02-03,-0.08057915298264606,0.8990950000000001,0.0034567430585920066,0,0,187.00000000034925
2014-02-04,-0.14786040404722295,0.9003329999999999,-0.0030870324610536926,0,0,187.00000000034925
2014-02-05,-0.03139636910382393,0.902283,0.009518213904727117,0,0,187.00000000034925
2014-02-06,-0.034302196549744715,0.902731,0.007492776599336156,0,0,187.00000000034925
2014-02-07,-0.020568029949242502,0.903432,0.005004530309589648,0,0,187.00000000034925
2014-02-10,0.026368091130944567,0.9060520000000001,-0.00032692560841083847,0,0,187.00000000034925
2014-02-11,0.016909139301224015,0.904486,-0.004723997881764155,0,0,187.00000000034925
2014-02-12,0.03865927108745384,0.9083969999999999,-0.0014520144095690418,0,0,187.00000000034925
2014-02-13,0.035643165120181626,0.909595,-0.0035354729039010165,0,0,187.00000000034925
2014-02-14,0.03507683367429425,0.9109709999999999,0.007909691881357832,0,0,187.00000000034925
2014-02-17,0.03632786032806603,0.911328,0.006214064000130907,0,0,187.00000000034925
2014-02-18,0.025027184246202483,0.912742,0.02596887141718563,1,1000000,187.00000000034925
2014-02-19,0.005109543406930948,0.913125,0.022129980986422326,0,1000000,570.0000000002605
2014-02-20,0.006403915113584407,0.903342,0.023857884571076293,-1,0,-9212.99999999965
2014-02-21,0.019608268784122238,0.900601,0.026173211200042224,1,1000000,-9212.99999999965
2014-02-24,0.010542171131413064,0.8999280000000001,0.024386371803684977,0,1000000,-9885.999999999574
2014-02-25,0.02187788900321165,0.904257,0.022869016880391443,0,1000000,-5556.999999999658
2014-02-26,0.021388900155477585,0.9022100000000001,0.0227462926474734,-1,0,-7603.999999999534
2014-02-27,0.018045582328638433,0.8979879999999999,0.018450553868497498,1,1000000,-7603.999999999534
2014-02-28,0.03216963977740693,0.8990379999999999,0.02118318858381601,0,1000000,-6553.999999999539
2014-03-03,0.022083684663846265,0.903963,0.016768567595077836,-1,0,-1628.999999999418
2014-03-04,0.019283745700796506,0.90256,0.010909433402238844,1,1000000,-1628.999999999418
2014-03-05,0.024924779274165202,0.901876,0.013234213825386174,0,1000000,-2312.999999999436
2014-03-06,0.023817066785605006,0.906766,0.010429908896520415,0,1000000,2577.000000000514
2014-03-07,0.03292986965582524,0.910274,0.02454902171506224,-1,0,6085.000000000582
2014-03-10,0.03747224759439998,0.9018430000000001,0.030544395887576254,1,1000000,6085.000000000582
2014-03-11,0.035320829456570606,0.899742,0.02592964280233187,0,1000000,3984.0000000005625
2014-03-12,0.02844204075111584,0.9002030000000001,0.017535271922120604,0,1000000,4445.0000000006075
2014-03-13,0.043667424217282855,0.8995479999999999,0.02336838916551242,0,1000000,3790.000000000424
2014-03-14,0.04023858248730949,0.902747,0.013826729094898927,0,1000000,6989.000000000487
2014-03-17,0.037947885085527475,0.901331,0.015320330634712597,-1,0,5573.000000000466
2014-03-18,0.03598512711372744,0.904323,0.015416125833715585,1,1000000,5573.000000000466
2014-03-19,0.05095355939328523,0.89865,0.020194976301765595,0,1000000,-99.99999999957345
2014-03-20,0.03645525493811583,0.8892450000000001,0.014645908426798105,1,2000000,-9504.99999999946
2014-03-21,0.03301754138451754,0.889601,0.009942128064460218,0,2000000,-8792.999999999634
2014-03-24,0.03040968063246416,0.890813,0.009704541371489874,0,2000000,-6368.999999999654
2014-03-25,0.02711436541403395,0.8930959999999999,0.010484833039157936,0,2000000,-1802.9999999998054
2014-03-26,0.02727734682839454,0.8956559999999999,0.008152087873492399,0,2000000,3317.000000000208
2014-03-27,0.024826711678153795,0.901015,0.0018653064982964989,0,2000000,14035.000000000435
2014-03-28,0.029675003347288564,0.906651,-0.0004616847814065136,-1,1000000,15440.000000000426
2014-03-31,0.028133606484725675,0.904977,0.005119201585491972,-1,0,23633.000000000466
2014-04-01,0.025817479868184057,0.9048139999999999,0.008897280540200702,0,0,23633.000000000466
2014-04-02,0.008877117625561115,0.906783,0.004244344788741638,0,0,23633.000000000466
2014-04-03,-0.0026103403747295352,0.9067,-0.000718118035278046,0,0,23633.000000000466
2014-04-04,-0.008035034160432282,0.9062899999999999,-0.00705220704658565,0,0,23633.000000000466
2014-04-07,0.001345016614593247,0.910755,-0.01045544397368486,-1,-1000000,23633.000000000466
2014-04-08,-0.0006282925049513038,0.91112,-0.006892170513234371,0,-1000000,23268.000000000407
2014-04-09,0.010095588747893847,0.914997,0.0012929630690958758,0,-1000000,19391.0000000005
2014-04-10,0.01964524722695421,0.919118,0.01020121191436398,1,0,15270.000000000466
2014-04-11,0.008078639197228912,0.9146290000000001,0.010752753958552448,1,1000000,15270.000000000466
2014-04-14,0.014986502907406954,0.911062,0.009650198650161132,0,1000000,11703.000000000367
2014-04-15,0.013011317789927413,0.9117430000000001,0.008494953311567523,0,1000000,12384.000000000411
2014-04-16,-0.011654178578175422,0.910382,0.0011853269507760425,0,1000000,11023.000000000353
2014-04-17,0.0010209230966589417,0.9083479999999999,0.011574346355314753,0,1000000,8989.000000000262
2014-04-18,-0.016356882532811916,0.9085040000000001,0.00439246369759861,0,1000000,9145.000000000418
2014-04-21,-0.011530306708373463,0.907375,0.006721050203682968,0,1000000,8016.000000000372
2014-04-22,-0.016365338658988846,0.9076059999999999,0.003559813219144046,0,1000000,8247.000000000242
2014-04-23,-0.0036405656312637922,0.9069229999999999,0.009567283547353776,0,1000000,7564.000000000253
2014-04-24,-0.002519005328935779,0.9065770000000001,0.004566613386313253,0,1000000,7218.0000000004065
2014-04-25,-0.016528278999743597,0.907359,0.0018311077275936047,0,1000000,8000.000000000356
2014-04-28,-0.010413839206891552,0.9062899999999999,0.003221567244337241,0,1000000,6931.000000000258
2014-04-29,-0.02518691999477748,0.9071040000000001,0.002497672319320677,0,1000000,7745.000000000462
2014-04-30,-0.0208232576193047,0.913075,-0.004167101707151434,0,1000000,13716.000000000298
2014-05-01,-0.003196991395861685,0.911993,0.0056324501530381045,0,1000000,12634.000000000382
2014-05-02,0.0028565423867255553,0.912134,0.007246378146525198,0,1000000,12775.00000000033
2014-05-05,0.014953484201523575,0.9110790000000001,0.00888760275600283,0,1000000,11720.000000000413
2014-05-06,0.01953280320170712,0.912559,0.00713278302505894,0,1000000,13200.000000000338
2014-05-07,0.02242045751245876,0.918358,0.012691178096373027,0,1000000,18999.00000000034
2014-05-08,0.00403100070349194,0.9176,0.006011090931964369,-1,0,18241.00000000035
2014-05-09,-0.0023649382756698763,0.923344,-0.006897362938282859,0,0,18241.00000000035
2014-05-12,-0.0033219029080675333,0.9176,-0.014332077059163756,-1,-1000000,18241.00000000035
2014-05-13,-0.0020443331651727823,0.9176,-0.0122972211364238,0,-1000000,18241.00000000035
2014-05-14,0.00018491551715881568,0.916926,-0.01699399679881672,0,-1000000,18915.000000000302
2014-05-15,0.011723396427047242,0.9185270000000001,-0.020264394105781288,1,0,17314.000000000233
2014-05-16,0.006896064455598587,0.9194559999999999,-0.0103188294989636,-1,-1000000,17314.00000000012
2014-05-19,-0.0002521114111158204,0.92048,-0.009088558588524203,0,-1000000,16290.000000000096
2014-05-20,-0.0032672263345017625,0.919802,-0.010046937176044048,0,-1000000,16968.000000000055
2014-05-21,-0.027250789845395446,0.916725,-0.017889819887051357,0,-1000000,20045.00000000005
2014-05-22,-0.026933518259964533,0.916271,-0.012267156636334304,1,0,20499.000000000116
2014-05-23,-0.027336450538791718,0.9180209999999999,-0.013445785467995786,-1,-1000000,20499.000000000116
2014-05-26,-0.04046759629863672,0.920048,-0.01681731512131509,0,-1000000,18472.000000000004
2014-05-27,-0.03315966204135759,0.92115,-0.013819173225950245,0,-1000000,17369.999999999956
2014-05-28,-0.03146216969762143,0.921319,0.004593414291505738,0,-1000000,17200.99999999998
2014-05-29,-0.07028260374434804,0.920048,-0.005873890283977143,0,-1000000,18472.000000000004
2014-05-30,-0.07024827540432488,0.9227139999999999,-0.0037332352661909795,0,-1000000,15806.000000000058
2014-06-02,-0.07025897098227717,0.9222540000000001,-0.004645991373887308,0,-1000000,16265.99999999985
2014-06-03,-0.08652808052765945,0.9172459999999999,0.0012967776204320198,0,-1000000,21274.000000000087
2014-06-04,-0.07761001310990417,0.9160870000000001,0.000988922219229374,1,0,22432.999999999884
2014-06-05,-0.07450015525284205,0.913993,0.004327980647215556,0,0,22432.999999999884
2014-06-06,-0.036060039068304316,0.915684,0.00329923059712717,0,0,22432.999999999884
2014-06-09,-0.02283927565687078,0.915307,0.007714849399965017,0,0,22432.999999999884
2014-06-10,-0.024883714029045906,0.916926,0.012771589720816896,1,1000000,22432.999999999884
2014-06-11,-0.0015762376746807486,0.917583,0.017578955789469605,0,1000000,23089.9999999999
2014-06-12,0.03896113173182757,0.9201159999999999,0.019945812506935185,-1,0,25622.999999999767
2014-06-13,0.07255442543517672,0.921226,0.02953077277250974,1,1000000,25622.999999999767
2014-06-16,0.06274155830866215,0.92115,0.030664216915085758,0,1000000,25546.999999999804
2014-06-17,0.06423611174108347,0.9217350000000001,0.022939010627747027,0,1000000,26131.999999999858
2014-06-18,0.05579977844250237,0.9206409999999999,0.02259577548469804,-1,0,25037.99999999965
2014-06-19,0.07612061310387146,0.9229350000000001,0.020621792920825714,1,1000000,25037.999999999538
2014-06-20,0.06330264501253989,0.9244709999999999,0.015949979905968366,0,1000000,26573.99999999941
2014-06-23,0.04918313963558176,0.93006,0.010685666268978824,-1,0,32162.999999999534
2014-06-24,0.04215741823909563,0.93194,0.0066682664126157505,0,0,32162.999999999534
2014-06-25,0.026686156287293372,0.930839,-0.0011150214838181625,0,0,32162.999999999534
2014-06-26,0.044347613014233636,0.9326700000000001,-0.0003798916815001362,0,0,32162.999999999534
2014-06-27,0.04776241248948333,0.935322,0.001009578979145158,0,0,32162.999999999534
2014-06-30,0.038873264382461775,0.9376030000000001,-0.0068798915436531416,0,0,32162.999999999534
2014-07-01,0.029162877768372758,0.937119,0.0021096694334024396,0,0,32162.999999999534
2014-07-02,0.021070912345393975,0.940398,0.0057531065953201925,0,0,32162.999999999534
2014-07-03,0.020183923946626093,0.937506,0.006712384509830247,0,0,32162.999999999534
2014-07-04,0.008423352031342788,0.940159,5.020338968549199e-05,0,0,32162.999999999534
2014-07-07,0.0034169519297704894,0.938967,-2.3612543667210237e-05,0,0,32162.999999999534
2014-07-08,0.008529406397888134,0.936154,0.00041290025186259513,0,0,32162.999999999534
2014-07-09,0.018400781493164608,0.937005,0.0017154397036244957,0,0,32162.999999999534
2014-07-10,0.022947805113599846,0.9390200000000001,0.0034890713321474205,0,0,32162.999999999534
2014-07-11,0.01769723656112466,0.939117,-0.004041214495097242,0,0,32162.999999999534
2014-07-14,0.022567505407818694,0.9322010000000001,0.0027607216642351394,0,0,32162.999999999534
2014-07-15,0.020103719640955357,0.933271,0.0023900589205746257,0,0,32162.999999999534
2014-07-16,-0.003511734890241416,0.9294370000000001,0.0025379895831327283,0,0,32162.999999999534
2014-07-17,-0.008783451428455916,0.931376,-0.0009205763452540132,0,0,32162.999999999534
2014-07-18,-0.02021654042808782,0.9292469999999999,-0.00902050088482987,0,0,32162.999999999534
2014-07-21,-0.010429210550444892,0.9311590000000001,-0.012165551783500223,-1,-1000000,32162.999999999534
2014-07-22,-0.017755989613798286,0.931307,-0.015732847357374073,0,-1000000,32014.999999999607
2014-07-23,-0.02044891699311265,0.931272,-0.02152554406911273,0,-1000000,32049.999999999614
2014-07-24,-0.03762913363943093,0.931932,-0.022666232472349026,0,-1000000,31389.99999999962
2014-07-25,-0.04124332679862546,0.930752,-0.023840898038373703,0,-1000000,32569.99999999958
2014-07-28,-0.039036042091382714,0.925027,-0.02330134245012864,1,0,38294.99999999965
2014-07-29,-0.0367784479958427,0.926097,-0.0195885256530178,-1,-1000000,38294.99999999965
2014-07-30,-0.03808758958513402,0.9216340000000001,-0.01974448948652714,0,-1000000,42757.999999999534
2014-07-31,-0.03305452794382387,0.916842,-0.015047954039348761,1,0,47549.99999999965
2014-08-01,-0.02606433398733079,0.916985,-0.01539534927499065,-1,-1000000,47549.99999999965
2014-08-04,-0.02087099703705187,0.915617,-0.011935178128314773,0,-1000000,48917.99999999969
2014-08-05,-0.017037912965993964,0.916977,-0.009336697306943162,1,0,47557.99999999965
2014-08-06,-0.025721243208671057,0.912234,-0.012363286230271097,-1,-1000000,47557.99999999965
2014-08-07,-0.019374198782597416,0.9160530000000001,-0.01290686214717614,0,-1000000,43738.99999999952
2014-08-08,-0.019480081863669518,0.9148040000000001,-0.01831249233470323,0,-1000000,44987.99999999958
2014-08-11,-0.011416241789870944,0.9117430000000001,-0.009351527261754209,0,-1000000,48048.999999999556
2014-08-12,-0.013395082885294451,0.9151309999999999,-0.01278020261340731,1,0,44660.99999999977
2014-08-13,-0.01671758709995277,0.915349,-0.01253722195569921,-1,-1000000,44660.99999999977
2014-08-14,-0.006348502103212118,0.916271,-0.011198447093891239,0,-1000000,43738.99999999979
2014-08-15,-0.005225762265278889,0.916918,-0.009418912790516829,0,-1000000,43091.99999999972
2014-08-18,-0.0044777889727201994,0.9180799999999999,-0.004939240872936898,0,-1000000,41929.99999999984
2014-08-19,-0.0075998894003391024,0.918248,-0.007216883764622192,0,-1000000,41761.99999999978
2014-08-20,-0.008209270213989801,0.914068,-0.010622463763361496,0,-1000000,45941.999999999745
2014-08-21,-0.01448474758729219,0.911826,-0.012066271804547866,1,0,48183.99999999977
2014-08-22,-0.011449254188230682,0.913609,-0.00875861110499284,0,0,48183.99999999977
2014-08-25,-0.016061451286478887,0.911668,-0.014482186341947966,-1,-1000000,48183.99999999977
2014-08-26,-0.020046872395184122,0.9096700000000001,-0.014541903380087587,0,-1000000,50181.99999999971
2014-08-27,-0.01776321335891467,0.913242,-0.016374585757566364,1,0,46609.99999999977
2014-08-28,-0.018581074908837432,0.920175,-0.017151301324169584,-1,-1000000,46609.99999999977
2014-08-29,-0.01648278540173828,0.921234,-0.0164574550941788,0,-1000000,45550.99999999974
2014-09-01,-0.017426611497052064,0.9194469999999999,-0.018107534616919715,0,-1000000,47337.99999999983
2014-09-02,-0.00996213199903025,0.920048,-0.013257525782652413,1,0,46736.99999999977
2014-09-03,-0.019781880484414805,0.9149129999999999,-0.013947830839509052,-1,-1000000,46736.99999999977
2014-09-04,-0.01843380201028481,0.918442,-0.012495147337936524,0,-1000000,43207.99999999965
2014-09-05,-0.024927670685388835,0.9187799999999999,-0.03699086729365778,0,-1000000,42869.9999999997
2014-09-08,-0.016898562499366374,0.918653,-0.03425556859769357,0,-1000000,42996.99999999958
2014-09-09,-0.015352299323497437,0.9106639999999999,-0.03486944265389935,0,-1000000,50985.999999999716
2014-09-10,-0.017108668407333702,0.9112120000000001,-0.03129356288313727,1,0,50437.999999999534
2014-09-11,-0.02853361229204541,0.913409,-0.03423660620824567,-1,-1000000,50437.999999999534
2014-09-12,-0.020510032040478007,0.9061170000000001,-0.02389115965086321,0,-1000000,57729.9999999995
2014-09-15,-0.02014541373566834,0.901941,-0.046351316595619675,-1,-2000000,61905.99999999957
2014-09-16,-0.01564629277991003,0.90501,-0.042597727899059454,1,-1000000,58432.99999999962
2014-09-17,-0.01711612069366621,0.911328,-0.03709351553250314,1,0,49449.999999999534
2014-09-18,-0.028719319371256734,0.908381,-0.05692390332868399,-1,-1000000,49449.999999999534
2014-09-19,-0.022198664193781525,0.913918,-0.041436924910669345,0,-1000000,43912.99999999952
2014-09-22,-0.020672236368414674,0.913617,-0.050953685579311486,0,-1000000,44213.99999999952
2014-09-23,-0.017867578334931456,0.905904,-0.039173954977740726,0,-1000000,51926.99999999948
2014-09-24,-0.018901535782847485,0.903342,-0.03207198380007427,1,0,54488.999999999534
2014-09-25,-0.019182930444995323,0.902935,-0.039739546490961945,-1,-1000000,54488.999999999534
2014-09-26,-0.033769932986433285,0.900576,-0.03726850317948448,0,-1000000,56847.999999999534
2014-09-29,-0.03844867293472171,0.8957360000000001,-0.044908645392121006,1,0,61687.99999999942
2014-09-30,-0.048075783441399844,0.8960889999999999,-0.04147240102907531,-1,-1000000,61687.99999999942
2014-10-01,-0.03269523413333135,0.892395,-0.03585257641755365,0,-1000000,65381.99999999928
2014-10-02,-0.036815443910711454,0.896861,-0.034528502550133136,1,0,60915.9999999993
2014-10-03,-0.018028200825736678,0.896379,-0.0215447331279767,-1,-1000000,60915.9999999993
2014-10-06,-0.029529719630007147,0.888123,-0.04149428642968671,0,-1000000,69171.99999999935
2014-10-07,-0.021102317379695562,0.8973040000000001,-0.02475420070992292,1,0,59990.999999999185
2014-10-08,-0.0186705702338154,0.8962180000000001,-0.015116657738404224,-1,-1000000,59990.999999999185
2014-10-09,-0.010211521296882763,0.900658,-0.006946490012101908,0,-1000000,55550.999999999294
2014-10-10,-0.008562306235736348,0.8942459999999999,-0.006460556318126798,0,-1000000,61962.99999999938
2014-10-13,-0.010294647802954658,0.893855,-0.009660097899154209,1,0,62353.9999999993
2014-10-14,-0.0019676502893563614,0.892459,0.0034888421354475605,0,0,62353.9999999993
2014-10-15,0.002469269467909683,0.883783,-0.000822166808239612,0,0,62353.9999999993
2014-10-16,0.017183558619799102,0.887776,0.023669039043620603,1,1000000,62353.9999999993
2014-10-17,0.014412277848467782,0.888021,0.022013203870840617,0,1000000,62598.99999999924
2014-10-20,0.014305193227015907,0.8858969999999999,0.015539801330153266,-1,0,60474.999999999185
2014-10-21,0.019269631111721697,0.885583,0.023524872518763583,1,1000000,60474.999999999185
2014-10-22,0.014242663461169208,0.890631,0.010786136057921381,0,1000000,65522.99999999913
2014-10-23,0.0019182172667884406,0.8888889999999999,0.001622201434549081,-1,0,63780.99999999907
2014-10-24,-0.00319639884755532,0.891027,-0.004492113088638617,0,0,63780.99999999907
2014-10-27,0.0007210639078566721,0.8898379999999999,0.0019920463757033715,0,0,63780.99999999907
2014-10-28,0.0048471367047433185,0.8890469999999999,0.007143621011416308,0,0,63780.99999999907
2014-10-29,0.002070565348263733,0.895415,0.004935791230796395,0,0,63780.99999999907
2014-10-30,-0.012805269200337336,0.893575,-0.013754581304358658,-1,-1000000,63780.99999999907
2014-10-31,-0.005457418770365031,0.893336,-0.011530064729995399,0,-1000000,64019.99999999906
2014-11-03,-0.005511090219985571,0.885975,-0.024118888817800103,1,0,71380.99999999907
2014-11-04,-0.00432687584431608,0.880468,-0.020579629461839888,-1,-1000000,71380.99999999907
2014-11-05,0.007115297699312889,0.87774,-0.007932194351661192,0,-1000000,74108.99999999913
2014-11-06,-0.004169447203566674,0.877639,-0.018439543438782627,1,0,74209.99999999907
2014-11-07,-0.003620954121263939,0.875174,-0.022108682200115744,-1,-1000000,74209.99999999907
2014-11-10,-0.00460897643457717,0.8828,-0.019056685111663984,0,-1000000,66583.99999999904
2014-11-11,-0.0016344469915359101,0.8795459999999999,-0.01701843526707491,0,-1000000,69837.99999999914
2014-11-12,0.002025740087369315,0.882301,-0.013684959109886877,0,-1000000,67082.99999999907
2014-11-13,0.005475772426026102,0.8831969999999999,-0.016010273915093798,0,-1000000,66186.99999999917
2014-11-14,0.010571739771664548,0.878657,-0.009300316383805223,0,-1000000,70726.99999999905
2014-11-17,0.009629197844800538,0.8856850000000001,-0.01242697928734912,-1,-2000000,63698.99999999891
2014-11-18,0.009571391368432143,0.8853469999999999,-0.01426635770605067,0,-2000000,64374.99999999925
2014-11-19,0.009358423302040095,0.883252,-0.007949321881858542,0,-2000000,68564.99999999895
2014-11-20,0.003891053721832067,0.881135,-0.009289920624410346,0,-2000000,72798.99999999901
2014-11-21,0.0032777217921300377,0.884251,-0.00998467182336496,0,-2000000,66566.999999999
2014-11-24,-0.00015904762366361364,0.8904559999999999,-0.020921139701480358,0,-2000000,54156.99999999919
2014-11-25,0.0013715098712195973,0.885818,-0.014285136311349731,0,-2000000,63432.99999999903
2014-11-26,-0.004484866262001531,0.8890469999999999,-0.013911878983732853,0,-2000000,56974.99999999918
2014-11-27,-0.00018347598589832197,0.888739,-0.009114492199951628,0,-2000000,57590.99999999913
2014-11-28,0.003954939452620735,0.881912,-0.005662114257991819,0,-2000000,71244.99999999897
2014-12-01,0.005270332947387778,0.873065,-0.004856889148604968,0,-2000000,88938.99999999907
2014-12-02,0.0017655389157787108,0.883392,-0.00685136252643127,1,-1000000,65322.49999999913
2014-12-03,0.001665559233776546,0.877193,-0.008243630137981331,0,-1000000,77720.49999999904
2014-12-04,-0.0060301326928862715,0.8800959999999999,-0.015636932248937856,1,0,71580.99999999907
2014-12-05,-0.0019169735872033742,0.878194,-0.009048255823928554,0,0,71580.99999999907
2014-12-08,-0.007420727955355547,0.8737440000000001,-0.016256415963853646,-1,-1000000,71580.99999999907
2014-12-09,-0.007085938353473337,0.8709969999999999,-0.009324457343389082,0,-1000000,74327.99999999923
2014-12-10,-0.0053759618603978435,0.874202,-0.004380539822439571,1,0,71122.99999999919
2014-12-11,0.008238042678734585,0.8720680000000001,0.008200473829322787,0,0,71122.99999999919
2014-12-12,0.009796064324538334,0.867431,0.004874822966336611,0,0,71122.99999999919
2014-12-15,0.009531831221751658,0.8647379999999999,0.010932410190793586,1,1000000,71122.99999999919
2014-12-16,0.013586224946868425,0.858089,0.014612889388753386,0,1000000,64473.99999999928
2014-12-17,0.01640377985449041,0.8596969999999999,0.0214704589329412,0,1000000,66081.99999999923
2014-12-18,0.006081069941041562,0.859402,0.0004854548231382328,0,1000000,65786.99999999929
2014-12-19,0.010233095106482633,0.863334,-0.0019167577350606656,0,1000000,69718.99999999933
2014-12-22,0.008759672190471956,0.8611040000000001,-0.006328775182455225,0,1000000,67488.99999999937
2014-12-23,0.007354063562948445,0.858922,-0.007369476516783442,0,1000000,65306.99999999925
2014-12-24,0.003785742183127358,0.860733,-0.013536423623505125,-1,0,67117.9999999993
2014-12-25,0.0054208856862318945,0.8605780000000001,-0.0093258435792418,0,0,67117.9999999993
2014-12-26,0.005369196543424137,0.860733,-0.007798298117880619,0,0,67117.9999999993
2014-12-29,0.0072716568199451765,0.859764,-0.008121331822756083,0,0,67117.9999999993
2014-12-30,0.01091958609521074,0.8590110000000001,-0.00731607181905004,0,0,67117.9999999993
2014-12-31,0.012746985881509387,0.861712,-0.004364208399884536,0,0,67117.9999999993
2015-01-01,0.008634463208699827,0.860985,-0.008541583824506538,0,0,67117.9999999993
2015-01-02,0.006724590200124097,0.86103,-0.008867339086859523,0,0,67117.9999999993
2015-01-05,0.004731118173665774,0.8479610000000001,-0.015094407270797017,-1,-1000000,67117.9999999993
2015-01-06,0.004559445078311434,0.850557,-0.01487409498970932,0,-1000000,64521.99999999937
2015-01-07,0.013892784642285941,0.844809,-0.011934837656193825,0,-1000000,70269.99999999935
2015-01-08,0.014197053372240063,0.846131,-0.014331556424710092,1,0,68947.99999999942
2015-01-09,0.018636989458028618,0.8454940000000001,-0.013133278981068535,-1,-1000000,68947.99999999942
2015-01-12,0.02249683679198392,0.8442879999999999,1.7326850994172933e-06,0,-1000000,70153.99999999956
2015-01-13,0.020198856605198944,0.835562,0.0035636878246888496,1,0,78879.99999999953
2015-01-14,0.015749547365880297,0.8365049999999999,0.0019679299574328953,0,0,78879.99999999953
2015-01-15,0.010041604253489936,0.8370299999999999,0.0023270713628766432,0,0,78879.99999999953
2015-01-16,0.025744621256479992,0.83626,0.043294798856902524,1,1000000,78879.99999999953
2015-01-19,0.018963434367117837,0.8354010000000001,0.03006334746326864,0,1000000,78020.99999999959
2015-01-20,0.011639578776799268,0.83647,0.01891107485995139,0,1000000,79089.99999999958
2015-01-21,0.005610423326765247,0.8255520000000001,-0.014190632058939183,-1,0,68171.99999999965
2015-01-22,0.00842294568136966,0.8101229999999999,-0.0016372754953916688,0,0,68171.99999999965
2015-01-23,0.00028736761370717206,0.807611,-0.013325071686351527,-1,-1000000,68171.99999999965
2015-01-26,-0.007623498489862844,0.802761,-0.016506719378648966,0,-1000000,73021.99999999967
2015-01-27,-0.0038286900397190363,0.801327,-0.005353122676001924,1,0,74455.99999999965
2015-01-28,-0.006701819616842172,0.8068420000000001,-0.0028102128547707237,0,0,74455.99999999965
2015-01-29,-0.015575259145623847,0.7985939999999999,-0.004464768050149417,0,0,74455.99999999965
2015-01-30,-0.014426051160374459,0.792896,0.00022927614637166773,0,0,74455.99999999965
2015-02-02,-0.01212575839280109,0.78814,0.0015552203081219554,0,0,74455.99999999965
2015-02-03,-0.012716020265028716,0.794723,-0.0015363548637491948,0,0,74455.99999999965
2015-02-04,-0.017158643172253685,0.803794,-0.004033096741617356,0,0,74455.99999999965
2015-02-05,-0.004217452713941486,0.7951020000000001,0.0020102889798143194,0,0,74455.99999999965
2015-02-06,-0.006613251304100523,0.804182,0.004553062973320596,0,0,74455.99999999965
2015-02-09,-0.007741274317337243,0.798913,0.0034946971731768194,0,0,74455.99999999965
2015-02-10,-0.0031524719818398408,0.801674,0.0032684469931500994,0,0,74455.99999999965
2015-02-11,0.0060478531899989495,0.79466,0.013486322215222918,1,1000000,74455.99999999965
2015-02-12,0.0024244542871192445,0.7925810000000001,0.01327282858043247,0,1000000,72376.99999999971
2015-02-13,0.004016361482628034,0.799412,0.013197212568388149,0,1000000,79207.99999999962
2015-02-16,0.006924807134122544,0.802942,0.00995206381799412,-1,0,82737.99999999965
2015-02-17,0.008956661675949554,0.801629,0.006715799701105652,0,0,82737.99999999965
2015-02-18,0.010172625518661282,0.80705,0.00819007672513125,0,0,82737.99999999965
2015-02-19,0.015512199570196072,0.80289,0.013786906259343442,1,1000000,82737.99999999965
2015-02-20,0.013220182876648391,0.800621,0.013384208338734313,0,1000000,80468.99999999968
2015-02-23,0.016263712518519845,0.7979,0.01459146178576996,0,1000000,77747.99999999971
2015-02-24,0.018000038449394226,0.795355,0.015564323435062553,0,1000000,75202.9999999997
2015-02-25,0.006595095702333676,0.8002560000000001,0.009414926323801117,0,1000000,80103.99999999974
2015-02-26,0.011864764891704266,0.8044279999999999,0.01044924886538965,0,1000000,84275.99999999958
2015-02-27,0.011219717476089384,0.799808,0.00498746024076957,-1,0,79655.99999999965
2015-03-02,0.011813091426255628,0.7990729999999999,0.004272428558488193,0,0,79655.99999999965
2015-03-03,0.007028103419498278,0.797512,0.00351515103183531,0,0,79655.99999999965
2015-03-04,0.008653754877779002,0.80109,0.0023201968688046945,0,0,79655.99999999965
2015-03-05,0.007272581826651157,0.804868,-0.005713218906833895,0,0,79655.99999999965
2015-03-06,-0.0015762187510791037,0.801141,-0.006036492324094872,0,0,79655.99999999965
2015-03-09,-0.00888579363808383,0.793462,-0.011030102562002818,-1,-1000000,79655.99999999965
2015-03-10,-0.01043136496520946,0.79233,-0.009396962675606368,0,-1000000,80787.99999999968
2015-03-11,-0.012207611358740718,0.78898,-0.011407993452912856,1,0,84137.99999999965
2015-03-12,-0.006424388922334084,0.7849970000000001,-0.012834432994078158,-1,-1000000,84137.99999999953
2015-03-13,0.00152982967284423,0.787972,-0.008702386282814297,0,-1000000,81162.99999999959
2015-03-16,-0.0008638646046762212,0.780238,-0.011910688324501286,0,-1000000,88896.9999999996
2015-03-17,0.003184751613785817,0.7828890000000001,-0.007202461473125326,1,0,86245.99999999965
2015-03-18,-0.003335874387233966,0.782044,-0.009803842930708788,0,0,86245.99999999965
2015-03-19,0.0037292399683302264,0.7966409999999999,-0.007186299770326989,0,0,86245.99999999965
2015-03-20,0.00442653109075192,0.7873399999999999,-0.009935708695629047,0,0,86245.99999999965
2015-03-23,0.012401085903835495,0.794868,-0.0031651648052740972,0,0,86245.99999999965
2015-03-24,0.017778761122976914,0.798658,0.0005364245739592948,0,0,86245.99999999965
2015-03-25,0.01262334157279615,0.799424,-0.005428858393630532,0,0,86245.99999999965
2015-03-26,0.008862411500310982,0.798276,-0.0036181198020971924,0,0,86245.99999999965
2015-03-27,0.006419851617453813,0.801321,-0.007984533166570544,0,0,86245.99999999965
2015-03-30,0.009187098267428612,0.793147,-0.0033749456918988558,0,0,86245.99999999965
2015-03-31,0.0076008716227328535,0.78906,-0.0034616769743466926,0,0,86245.99999999965
2015-04-01,0.0020875341618682916,0.788146,-0.006028645340907349,0,0,86245.99999999965
2015-04-02,-0.003011660458683784,0.792996,-0.011029817260809184,-1,-1000000,86245.99999999965
2015-04-03,0.0012792237567767943,0.796071,-0.010142857950196364,0,-1000000,83170.99999999971
2015-04-06,0.007504802026216541,0.801603,-0.006548279092940423,0,-1000000,77638.99999999974
2015-04-07,-0.0026390834127089837,0.801635,-0.010839688716166286,0,-1000000,77606.9999999997
2015-04-08,-0.004799025227100389,0.799744,-0.009234429370881633,0,-1000000,79497.99999999968
2015-04-09,0.0022222168609130222,0.797353,-0.003525204632574102,0,-1000000,81888.99999999971
2015-04-10,0.006390055315291115,0.795096,-0.004143602390444552,0,-1000000,84145.99999999967
2015-04-13,0.0009279208837418343,0.7955770000000001,-0.010301952673999387,0,-1000000,83664.99999999959
2015-04-14,-0.006370403910213013,0.794155,-0.013990127421510758,0,-1000000,85086.99999999964
2015-04-15,-0.007680256014758563,0.801045,-0.014629918202114723,0,-1000000,78196.99999999968
2015-04-16,-0.009890975487583564,0.8127439999999999,-0.019618889506494593,-1,-2000000,66497.99999999977
2015-04-17,-0.008685535147554543,0.819578,-0.015925473906512548,0,-2000000,52829.99999999954
2015-04-20,-0.0012491133385064933,0.818954,-0.009897050585964516,0,-2000000,54077.99999999968
2015-04-21,-0.004761486140951931,0.81813,-0.014104957301909795,0,-2000000,55725.99999999955
2015-04-22,4.390612644480235e-07,0.815228,-0.008551267346372562,0,-2000000,61529.999999999694
2015-04-23,-0.00460730079493314,0.81686,-0.003564577915634509,0,-2000000,58265.999999999534
2015-04-24,-0.01755003775576272,0.823255,-0.010034561640641973,-1,-3000000,45475.99999999968
2015-04-27,-0.011151257909123937,0.821733,-0.001222983699185709,0,-3000000,50041.99999999942
2015-04-28,-0.012715153096721027,0.826925,-0.001492395890341502,0,-3000000,34465.99999999949
2015-04-29,-0.003912524610306039,0.830772,0.007626178305334173,0,-3000000,22924.999999999687
2015-04-30,-0.01958922781397071,0.8320569999999999,0.005631970788930829,0,-3000000,19069.999999999753
2015-05-01,-0.01460783481777021,0.827952,0.006553061492811557,0,-3000000,31384.99999999949
2015-05-04,-0.01794801016956802,0.822233,0.0023010360032577537,0,-3000000,48541.99999999958
2015-05-05,-0.019551512798991526,0.826959,-0.0027797690835369786,0,-3000000,34363.999999999556
2015-05-06,-0.025379428580775618,0.8284590000000001,-0.0014217526659818735,0,-3000000,29863.99999999939
2015-05-07,-0.02735721287526616,0.8307030000000001,-0.0002428269388974889,0,-3000000,23131.999999999316
2015-05-08,-0.02712331998732813,0.8259,0.004305748749068556,0,-3000000,37540.99999999965
2015-05-11,-0.028929260666194962,0.827102,0.0043458900429362134,0,-3000000,33934.99999999954
2015-05-12,-0.03871671570147706,0.8268840000000001,0.0038390223588391447,0,-3000000,34588.99999999937
2015-05-13,-0.03237302162994039,0.833125,0.005316534530074885,0,-3000000,15865.999999999534
2015-05-14,-0.015951896045228706,0.83654,0.01065193076107381,1,-2000000,-21254.000000000276
2015-05-15,-0.01846386403197705,0.834516,0.010285450952164737,0,-2000000,-15182.000000000538
2015-05-18,-0.019487054887480912,0.832515,0.009770203628491975,0,-2000000,-9179.000000000451
2015-05-19,-0.020788782281213686,0.823384,0.011318369449841681,1,-1000000,4494.99999999952
2015-05-20,-0.01490529954101905,0.8177220000000001,0.00907499542853857,0,-1000000,21480.999999999352
2015-05-21,-0.02264680053171389,0.819242,0.0040743631693875995,0,-1000000,16920.999999999447
2015-05-22,-0.013872548488156507,0.819941,0.007857841247363235,0,-1000000,14823.999999999447
2015-05-25,-0.013219349416957474,0.813339,0.003934127967483208,0,-1000000,34629.99999999943
2015-05-26,-0.008231594416345963,0.8117340000000001,0.005627405086554135,0,-1000000,39444.99999999933
2015-05-27,-0.008897857380145507,0.804868,0.007139949860037815,0,-1000000,60042.99999999945
2015-05-28,-0.006457228319364201,0.802955,-0.006368481654263872,0,-1000000,65781.9999999996
2015-05-29,-0.015164995773074938,0.804823,-0.012854138587596417,-1,-2000000,57756.999999999665
2015-06-01,-0.023408306439926918,0.802819,-0.015491439079565312,0,-2000000,65772.9999999997
2015-06-02,-0.016026889530993065,0.798441,-0.014833319411956092,0,-2000000,83284.99999999967
2015-06-03,-0.012103637632158076,0.805562,-0.006108951748303502,0,-2000000,54800.99999999949
2015-06-04,-0.010262473749516797,0.802826,-0.001674286889697954,0,-2000000,65744.99999999933
2015-06-05,-0.010130201847212954,0.800384,-0.0033956372446524697,0,-2000000,75512.99999999955
2015-06-08,-0.02244255506068288,0.802761,-0.016215024125476617,0,-2000000,66004.99999999971
2015-06-09,-0.012773723259301782,0.805802,-0.007701670817758108,0,-2000000,53840.99999999942
2015-06-10,-0.014226802834086855,0.810373,-0.008593533221579588,0,-2000000,35556.99999999945
2015-06-11,-0.03072006993267793,0.8147300000000001,-0.008008721667372517,0,-2000000,18128.99999999923
2015-06-12,-0.0317915624034261,0.813471,-0.008644460211126746,0,-2000000,23164.999999999272
2015-06-15,-0.03180721208413129,0.812038,-0.0069374259237419,0,-2000000,28896.999999999338
2015-06-16,-0.028364200877329625,0.811952,-0.002735332563825161,0,-2000000,29240.99999999946
2015-06-17,-0.029710316060709268,0.813312,-0.003674549700689942,0,-2000000,23800.999999999345
2015-06-18,-0.04623048029144262,0.817728,-0.005996254951914889,0,-2000000,6136.999999999447
2015-06-19,-0.039116722158094835,0.8177949999999999,-0.00031171548602396235,0,-2000000,5868.999999999738
2015-06-22,-0.03595634983370983,0.8147300000000001,0.001715930405695909,0,-2000000,18128.99999999923
2015-06-23,-0.03531819271685143,0.812117,-0.0002284274901311275,0,-2000000,28580.999999999578
2015-06-24,-0.03189347286768267,0.8114779999999999,-0.0034883500208558295,0,-2000000,31136.999999999804
2015-06-25,-0.021010426131804694,0.8074939999999999,0.0005631172652287746,0,-2000000,47072.99999999975
2015-06-26,-0.022153947654406446,0.8108920000000001,-0.00034316202661601293,0,-2000000,33480.99999999926
2015-06-29,-0.028992826368331833,0.809651,-0.008382782893489779,0,-2000000,38444.99999999945
2015-06-30,-0.019860716531522497,0.805678,0.0013050071632356517,0,-2000000,54336.99999999947
2015-07-01,-0.021331436809567464,0.801475,0.0036293959032094236,0,-2000000,71148.9999999993
2015-07-02,-0.022904151042925466,0.794212,0.0029323024903983056,0,-2000000,100200.99999999937
2015-07-03,-0.021106128963541665,0.797194,0.0014869801707740327,1,-1000000,99533.49999999955
2015-07-06,-0.021155679974566508,0.792764,-0.0033339756271312535,1,0,70181.99999999965
2015-07-07,-0.01671454954450586,0.789933,0.0004880381837782385,0,0,70181.99999999965
2015-07-08,-0.011954569945361024,0.786361,-0.00023228601012708508,0,0,70181.99999999965
2015-07-09,-0.0018030436821374063,0.785608,0.00348481278598451,0,0,70181.99999999965
2015-07-10,0.003333602488236595,0.7868069999999999,0.0030690311926295606,0,0,70181.99999999965
2015-07-13,-0.002285847757428811,0.78765,0.0008798473375306092,0,0,70181.99999999965
2015-07-14,-0.0027953340056736907,0.7842520000000001,-0.002384093808734694,0,0,70181.99999999965
2015-07-15,0.0006134398644476648,0.785114,0.002724613376833054,0,0,70181.99999999965
2015-07-16,-0.009620631888915022,0.773575,0.004440178859750764,0,0,70181.99999999965
2015-07-17,-0.014541114106830802,0.771123,0.004678387780587988,0,0,70181.99999999965
2015-07-20,-0.013455874689892997,0.770001,0.002915200212470712,0,0,70181.99999999965
2015-07-21,-0.001445986192640046,0.7694850000000001,0.005269765492072704,0,0,70181.99999999965
2015-07-22,0.0035349986640027514,0.772618,0.007470802443768763,0,0,70181.99999999965
2015-07-23,0.009650403923841826,0.766824,0.011491191668886357,1,1000000,70181.99999999965
2015-07-24,0.006598512177525035,0.768138,0.00812257405194311,0,1000000,71495.9999999997
2015-07-27,0.0010998858524952377,0.7668119999999999,0.004372585219786696,-1,0,70169.99999999953
2015-07-28,0.00897443144216733,0.767001,0.010350616385628677,1,1000000,70169.99999999953
2015-07-29,0.016902443065142395,0.773473,0.009339060505254333,0,1000000,76641.99999999946
2015-07-30,0.0071835332272320584,0.772338,0.003790442658614198,-1,0,75506.99999999953
2015-07-31,0.002010557409900168,0.7689,0.0035923172790614604,0,0,75506.99999999953
2015-08-03,0.0036793742655661568,0.762137,0.009621942564238225,0,0,75506.99999999953
2015-08-04,0.0028009230346724145,0.759988,0.008813040596722235,0,0,75506.99999999953
2015-08-05,-0.0010943858645938928,0.758035,0.011020383132949818,1,1000000,75506.99999999953
2015-08-06,-0.0039620239616806815,0.759359,0.007923488684454989,0,1000000,76830.99999999952
2015-08-07,-0.0035322224937296646,0.76259,0.003364157881179763,-1,0,80061.99999999953
2015-08-10,0.00964359523452815,0.760746,0.011076563948872358,1,1000000,80061.99999999953
2015-08-11,0.002193646097231125,0.768569,0.00554607246957737,0,1000000,87884.99999999945
2015-08-12,-0.0029313906115230395,0.763359,0.0036368162791876615,-1,0,82674.99999999953
2015-08-13,-0.00046589353068345225,0.770594,0.004562799001164008,0,0,82674.99999999953
2015-08-14,-0.005005360379641085,0.765404,0.0064034289352764675,0,0,82674.99999999953
2015-08-17,-0.006658376698220865,0.7633409999999999,0.0060788228024901214,0,0,82674.99999999953
2015-08-18,-0.00036464736090064797,0.76365,0.004698563611929839,0,0,82674.99999999953
2015-08-19,-0.001088575551316303,0.765755,0.0020319257831522496,0,0,82674.99999999953
2015-08-20,0.004997439077770253,0.7619630000000001,0.008411041921970577,0,0,82674.99999999953
2015-08-21,0.005772931305375133,0.764725,0.008530401390662317,0,0,82674.99999999953
2015-08-24,0.013879286816936884,0.756487,0.018899147515155618,1,1000000,82674.99999999953
2015-08-25,-0.011036566615703385,0.752729,0.024633846171281216,0,1000000,78916.99999999949
2015-08-26,-0.005146452867725828,0.7492880000000001,0.02396517626282608,0,1000000,75475.99999999958
2015-08-27,-0.01098257509460153,0.75188,0.007303137311572864,0,1000000,78067.9999999995
2015-08-28,-0.011200281405526577,0.75815,-0.0008561927250061176,0,1000000,84337.9999999995
2015-08-31,-0.010465672733221212,0.755401,-0.002477413340407199,-1,0,81588.99999999953
2015-09-01,-0.03388046710646921,0.760861,-0.012957842432628687,-1,-1000000,81588.99999999953
2015-09-02,-0.03186926030304827,0.754546,-0.007507677438964832,0,-1000000,87903.99999999949
2015-09-03,-0.021011801478485973,0.753864,-0.006238253795759361,1,0,88585.99999999953
2015-09-04,-0.020231277939499442,0.758265,-0.011362469488140315,-1,-1000000,88585.99999999953
2015-09-07,-0.03042055533718352,0.753239,-0.011017749661248431,0,-1000000,93611.9999999995
2015-09-08,-0.030827387869835986,0.752038,-0.008141101849951614,1,0,94812.99999999953
2015-09-09,-0.01653811514244303,0.757576,-0.004377938891921618,0,0,94812.99999999953
2015-09-10,-0.029634233324856152,0.753063,-0.008630106922084433,0,0,94812.99999999953
2015-09-11,-0.022618293819206256,0.755624,-0.0032621518099184192,0,0,94812.99999999953
2015-09-14,-0.01793767293678798,0.754865,-0.0009296218752186955,0,0,94812.99999999953
2015-09-15,-0.01273275798652659,0.75466,0.0022414256491991827,0,0,94812.99999999953
2015-09-16,-0.010205132872250092,0.755059,-0.001344075660234564,0,0,94812.99999999953
2015-09-17,-0.011368510846447695,0.759417,0.0008852876129211799,0,0,94812.99999999953
2015-09-18,-0.005008669160929267,0.759013,0.005568115337923993,0,0,94812.99999999953
2015-09-21,0.001517984872796899,0.756487,0.0069007532981414975,0,0,94812.99999999953
2015-09-22,-0.005574055365254063,0.754774,0.0011133601483119876,0,0,94812.99999999953
2015-09-23,-0.00952614762949168,0.753409,-0.002594234733205544,0,0,94812.99999999953
2015-09-24,-0.007025636446718792,0.7504689999999999,-0.0031160244403971426,0,0,94812.99999999953
2015-09-25,0.0034237488898909386,0.749681,-0.0007486756406556193,0,0,94812.99999999953
2015-09-28,0.012172678297632064,0.749963,0.0009710331632915873,0,0,94812.99999999953
2015-09-29,0.0034686528373225256,0.746436,0.00043398760881652025,0,0,94812.99999999953
2015-09-30,0.012083333076806318,0.745212,0.004063069609316429,0,0,94812.99999999953
2015-10-01,0.012217567260950293,0.75092,-0.0021423551067129283,0,0,94812.99999999953
2015-10-02,0.009841184056734344,0.754962,-0.003574956796402265,0,0,94812.99999999953
2015-10-05,0.013238484592972319,0.759474,-0.005266425806019395,0,0,94812.99999999953
2015-10-06,0.01406100984069419,0.764351,-0.009355486677375542,0,0,94812.99999999953
2015-10-07,0.018981170543764515,0.766636,-0.003976413744033676,0,0,94812.99999999953
2015-10-08,0.02780513734760587,0.7653979999999999,0.003985205227165472,0,0,94812.99999999953
2015-10-09,0.03095167261938358,0.76932,0.005438042501767112,0,0,94812.99999999953
2015-10-12,0.02720308082653651,0.772201,0.004034644342127997,0,0,94812.99999999953
2015-10-13,0.03116863285064289,0.76858,0.009986898117736226,0,0,94812.99999999953
2015-10-14,0.020821803589273977,0.768167,0.0026090401058489307,0,0,94812.99999999953
2015-10-15,0.034469785500050316,0.773994,0.014185361270604328,1,1000000,94812.99999999953
2015-10-16,0.031214294726081185,0.7780279999999999,0.008194474983448686,0,1000000,98846.99999999952
2015-10-19,0.02649630882803209,0.77418,0.0064473251517221065,-1,0,94998.99999999953
2015-10-20,0.03003841008856891,0.768049,0.01162273057019354,1,1000000,94998.99999999953
2015-10-21,0.017770468073830457,0.770084,0.006431373851461195,0,1000000,97033.99999999955
2015-10-22,0.020368679053199727,0.761412,0.01095727441926889,-1,0,88361.99999999953
2015-10-23,0.02576357745362245,0.763009,0.003039767688803568,0,0,88361.99999999953
2015-10-26,0.020948935459742142,0.759175,-0.0029208910407608904,0,0,88361.99999999953
2015-10-27,0.022186097696932163,0.760109,0.0002704492716345701,0,0,88361.99999999953
2015-10-28,0.024809104230307688,0.753579,0.003117114211688308,0,0,88361.99999999953
2015-10-29,0.007643278521401352,0.758093,-0.012225220152043016,-1,-1000000,88361.99999999953
2015-10-30,0.006384444842621046,0.759936,-0.010545346595683314,0,-1000000,86518.9999999996
2015-11-02,0.008006666610551126,0.7649590000000001,-0.007091921275491719,0,-1000000,81495.99999999949
2015-11-03,0.005712933014438034,0.763767,-0.007410616380222838,0,-1000000,82687.99999999958
2015-11-04,-0.0087754091162092,0.765439,-0.013001219368577089,0,-1000000,81015.99999999956
2015-11-05,-0.012673280714965512,0.760173,-0.013865229356906417,0,-1000000,86281.99999999956
2015-11-06,-0.01064590207581011,0.759763,-0.01542634686640045,0,-1000000,86691.99999999958
2015-11-09,-0.012762984073487124,0.752106,-0.021422866532412693,0,-1000000,94348.9999999995
2015-11-10,-0.014020640798897411,0.753812,-0.01860257629323047,1,0,92642.99999999953
2015-11-11,-0.012696948014023476,0.754045,-0.017707909784963945,-1,-1000000,92642.99999999953
2015-11-12,-0.012107722322213715,0.754546,-0.01290546276324722,0,-1000000,92141.99999999945
2015-11-13,-0.010757605431055497,0.752899,-0.00674626801798678,0,-1000000,93788.99999999952
2015-11-16,-0.01001675054796668,0.7507510000000001,-0.007769753391746687,1,0,95936.99999999953
2015-11-17,-0.014512922342916752,0.750188,-0.00995939654541311,0,0,95936.99999999953
2015-11-18,-0.01487791145844699,0.7508859999999999,-0.010624443028030566,-1,-1000000,95936.99999999965
2015-11-19,-0.013230206731142651,0.7519359999999999,-0.009952509429204281,0,-1000000,94886.99999999965
2015-11-20,-0.0036272529807718727,0.7521399999999999,-0.0019319698089014935,0,-1000000,94682.99999999967
2015-11-23,-0.0008792353992353522,0.7487159999999999,-0.0010760287342337503,0,-1000000,98106.99999999965
2015-11-24,-0.004096395701239422,0.748486,-0.0025681310049506896,1,0,98336.99999999953
2015-11-25,0.0002495241341562565,0.75171,-0.0013130646540128019,0,0,98336.99999999953
2015-11-26,0.0027402121618540277,0.752038,-0.0017564020809431968,0,0,98336.99999999953
2015-11-27,0.0027737053139150402,0.752196,-0.0032798269305063885,0,0,98336.99999999953
2015-11-30,0.0011208169353649246,0.748111,-0.0034022566738330473,0,0,98336.99999999953
2015-12-01,0.0101387306365316,0.749131,-0.0013121204044304405,0,0,98336.99999999953
2015-12-02,0.01966785076165619,0.748503,0.005674726378817407,0,0,98336.99999999953
2015-12-03,0.014217071603129777,0.749182,0.0022033950761929186,0,0,98336.99999999953
2015-12-04,0.017522564513144656,0.749238,0.0161510196032354,1,1000000,98336.99999999953
2015-12-07,0.025613710332064905,0.746938,0.01628809912130014,0,1000000,96036.99999999956
2015-12-08,0.018944363676148906,0.74028,0.015037620237631883,0,1000000,89378.99999999962
2015-12-09,0.02116866626620416,0.73641,0.019150159312932735,1,2000000,85508.99999999948
2015-12-10,0.031176048143343914,0.737083,0.028702139568234586,0,2000000,86854.99999999953
2015-12-11,0.03786464618920019,0.733514,0.03028685601089657,0,2000000,79716.99999999945
2015-12-14,0.03501844363134933,0.728014,0.03430740103428715,0,2000000,68716.99999999956
2015-12-15,0.04184831500947041,0.7284970000000001,0.0346816680530621,0,2000000,69682.99999999958
2015-12-16,0.03701509978048281,0.728417,0.025412385764135542,0,2000000,69522.99999999942
2015-12-17,0.03665511719589609,0.725163,0.02191383801971829,1,3000000,63014.99999999968
2015-12-18,0.030456684287853416,0.718184,0.021163925498951894,0,3000000,42077.99999999981
2015-12-21,0.033288587045635906,0.717051,0.025944914956533192,0,3000000,38678.99999999966
2015-12-22,0.038652958379487824,0.716753,0.02694847914202553,0,3000000,37784.99999999959
2015-12-23,0.03976840900938408,0.718442,0.02576198753052425,0,3000000,42851.99999999975
2015-12-24,0.02961568027560979,0.721917,0.019278890826972192,0,3000000,53276.99999999977
2015-12-25,0.03227137583145527,0.723197,0.02316848472087979,0,3000000,57116.999999999614
2015-12-28,0.03118825708090692,0.7227,0.021240475264047542,0,3000000,55625.9999999997
2015-12-29,0.033216566466539324,0.719735,0.01940772320233937,0,3000000,46730.999999999716
2015-12-30,0.029042526807004265,0.722857,0.010969175231057863,0,3000000,56096.99999999959
2015-12-31,0.02357861918632594,0.720877,0.010809031501060481,0,3000000,50156.99999999964
2016-01-01,0.021447325310196108,0.71944,0.003865353317514832,0,3000000,45845.99999999958
2016-01-04,0.015535245916864797,0.721267,0.0013023065247634497,0,3000000,51326.99999999965
2016-01-05,-0.0013048713998000715,0.717654,-0.001710854486819823,0,3000000,40487.999999999716
2016-01-06,-0.00981400116809911,0.7151029999999999,-0.00521974032770079,0,3000000,32834.999999999476
2016-01-07,-0.017946292335583695,0.710853,-0.004291796481593435,0,3000000,20084.99999999955
2016-01-08,-0.019597494495365787,0.7091189999999999,0.004386618425858471,0,3000000,14882.999999999505
2016-01-11,-0.03666498185077352,0.70502,0.002362433578290699,0,3000000,2585.9999999996217
2016-01-12,-0.025681411831169912,0.703136,0.0011597830818993959,0,3000000,-3066.0000000003783
2016-01-13,-0.024958063105461947,0.701508,-0.0014425291718926263,0,3000000,-7950.000000000262
2016-01-14,-0.029966029083155828,0.696816,9.133924109929813e-05,0,3000000,-22026.00000000035
2016-01-15,-0.028150458340317826,0.697126,-0.0008818069275264757,0,3000000,-21096.000000000262
2016-01-18,-0.024084269491016698,0.6859649999999999,0.006603893962819279,0,3000000,-54579.000000000524
2016-01-19,-0.021100034769546742,0.687545,0.00275787429733197,0,3000000,-49839.00000000044
2016-01-20,-0.026816750739397398,0.686662,0.002307806968953093,0,3000000,-52488.00000000035
2016-01-21,-0.017818991023066964,0.690846,0.0009270240322547358,0,3000000,-39936.00000000044
2016-01-22,-0.010719242002650922,0.700732,-0.005993971168553276,0,3000000,-10278.000000000262
2016-01-25,-0.028295635321651656,0.707184,-0.018468410169059344,-1,2000000,38830.999999999694
2016-01-26,-0.02286908324950193,0.699496,-0.00969973704465372,0,2000000,31142.999999999665
2016-01-27,-0.017919132395372125,0.708316,-0.013142746735748126,0,2000000,39962.99999999961
2016-01-28,-0.03186759501181306,0.709482,-0.015705678447054207,0,2000000,41128.99999999961
2016-01-29,-0.021095598816340242,0.71254,-0.012501096423663531,0,2000000,44186.99999999961
2016-02-01,-0.02303176086204272,0.715676,-0.029642122346992327,0,2000000,47322.999999999636
2016-02-02,-0.006970348536028709,0.716846,-0.002783061226413807,0,2000000,48492.99999999964
2016-02-03,-0.004829450526995633,0.711238,-0.002640108191464242,0,2000000,42884.999999999694
2016-02-04,0.007016833412133078,0.724942,-0.0015945404064688523,0,2000000,56588.999999999636
2016-02-05,0.019201100860220324,0.7269979999999999,0.0027978407093112428,0,2000000,58644.999999999585
2016-02-08,0.006298097672072466,0.720305,0.0004223506196049297,0,2000000,51951.999999999636
2016-02-09,0.006168512754683775,0.718133,0.01437561281860508,0,2000000,49779.99999999968
2016-02-10,0.007566330892725667,0.720295,0.019977712008682428,0,2000000,51941.99999999968
2016-02-11,0.015378861340835291,0.718236,0.029774035727008093,0,2000000,49882.99999999965
2016-02-12,0.01836622277915498,0.7185819999999999,0.031140397854476122,0,2000000,50228.99999999961
2016-02-15,0.002061314834575596,0.7227100000000001,0.01735657061299622,0,2000000,54356.99999999974
2016-02-16,0.00264829123609526,0.72349,0.011059953798752875,0,2000000,55136.99999999963
2016-02-17,-0.005213050196873178,0.72123,0.006336182304879277,0,2000000,52876.999999999694
2016-02-18,-0.006523783437018359,0.731133,-0.0024752896728043876,0,2000000,62779.999999999694
2016-02-19,-0.0011250987879259447,0.727913,0.003507624974894314,0,2000000,59559.999999999694
2016-02-22,-0.0015466846102073512,0.725216,0.005645654224175883,0,2000000,56862.999999999636
2016-02-23,0.006447361730451722,0.729767,-0.0027686153666237794,0,2000000,61413.999999999716
2016-02-24,0.0003341886251935393,0.724795,-4.986089400269744e-05,0,2000000,56441.99999999963
2016-02-25,-0.001753028158754142,0.729767,-0.0073208213424935786,0,2000000,61413.999999999716
2016-02-26,0.0015321928473230745,0.738334,-0.013906886635045437,-1,1000000,71377.9999999998
2016-02-29,-0.021597521775821273,0.738171,-0.03129467578253663,0,1000000,71214.99999999978
2016-03-01,-0.0197374918947788,0.738694,-0.027063375556956,0,1000000,71737.99999999971
2016-03-02,-0.01941083609262688,0.744768,-0.03394962569884153,0,1000000,77811.99999999974
2016-03-03,-0.014772162105160547,0.744657,-0.02385625676460221,0,1000000,77700.99999999977
2016-03-04,-0.005093642576380999,0.745935,-0.013440521745274537,0,1000000,78978.99999999977
2016-03-07,0.0017000982685588216,0.750188,-0.010779203657663208,-1,0,83231.99999999953
2016-03-08,-0.0005585261434652988,0.7522760000000001,-0.007071184653976646,0,0,83231.99999999953
2016-03-09,9.4756982324265e-05,0.745323,-0.0010760425193579804,0,0,83231.99999999953
2016-03-10,-0.02436744457567786,0.754848,-0.01361818615639515,-1,-1000000,83231.99999999953
2016-03-11,-0.009675108739629986,0.749749,0.009802079218046168,0,-1000000,88330.9999999995
2016-03-14,-0.005451528231596286,0.755532,0.010878753086918633,1,0,82547.99999999953
2016-03-15,-0.012082599983968982,0.753421,0.0028488190230005323,0,0,82547.99999999953
2016-03-16,-0.019499515336332353,0.748839,0.0019341794810862427,0,0,82547.99999999953
2016-03-17,-0.009286426862907591,0.762428,0.008111074670366194,0,0,82547.99999999953
2016-03-18,0.000781467359039674,0.770179,0.02614950177088462,1,1000000,82547.99999999953
2016-03-21,-0.005980789832052885,0.766518,0.021481332354914038,0,1000000,78886.99999999962
2016-03-22,-0.0039034612409514363,0.763825,0.014714438665366668,0,1000000,76193.99999999956
2016-03-23,-0.008432095297988293,0.766278,0.007721764822470778,0,1000000,78646.9999999996
2016-03-24,-0.003138575060715486,0.7570020000000001,0.006525768552836219,0,1000000,69370.99999999965
2016-03-25,-0.0028401470527033104,0.754671,0.005537077199931855,0,1000000,67039.99999999956
2016-03-28,-0.005833204457638928,0.7535229999999999,0.0002479752127425684,0,1000000,65891.99999999953
2016-03-29,-0.0007088844509859711,0.759031,0.005345490732753477,0,1000000,71399.99999999959
2016-03-30,0.012787447895342165,0.765521,0.016086787740722856,0,1000000,77889.99999999959
2016-03-31,0.012434931125774328,0.770618,0.013659265789433122,0,1000000,82986.9999999996
2016-04-01,0.015451915215359078,0.769787,0.015912672652273606,-1,0,82155.99999999953
2016-04-04,0.014099706616695615,0.7671060000000001,0.015640989710166166,1,1000000,82155.99999999953
2016-04-05,0.003561809058294509,0.7647189999999999,0.013926683091212878,0,1000000,79768.99999999939
2016-04-06,0.005523819090684418,0.760965,0.014550407353998084,0,1000000,76014.99999999948
2016-04-07,0.006308047168672384,0.764479,0.015616262553820669,0,1000000,79528.99999999949
2016-04-08,0.0012677198788537789,0.761035,0.01369044618365805,0,1000000,76084.99999999949
2016-04-11,-0.002202350563506027,0.770469,0.010947810813269267,0,1000000,85518.99999999943
2016-04-12,0.0006481034003765259,0.7746649999999999,0.012526447950052623,-1,0,89714.9999999993
2016-04-13,0.001835723435003024,0.783331,0.0055957801208695295,0,0,89714.9999999993
2016-04-14,0.002981349842165165,0.780159,-0.0051613096619665165,0,0,89714.9999999993
2016-04-15,-0.004072563914454139,0.778877,-0.005234278303492532,0,0,89714.9999999993
2016-04-18,0.006701298460983695,0.770475,0.007943164719209504,0,0,89714.9999999993
2016-04-19,0.010416440095102609,0.783134,0.004497823194275552,0,0,89714.9999999993
2016-04-20,0.012540331883593998,0.787637,0.006824249253778482,0,0,89714.9999999993
2016-04-21,-0.00023433688387314647,0.790795,-0.00721641553944849,0,0,89714.9999999993
2016-04-22,-0.007356954324927861,0.785898,-0.008320734576012517,0,0,89714.9999999993
2016-04-25,-0.017600680310797426,0.789254,-0.021228378327155115,-1,-1000000,89714.9999999993
2016-04-26,-0.01558544090109838,0.7889550000000001,-0.015525619233973628,0,-1000000,90013.99999999924
2016-04-27,-0.015330321011012539,0.793147,-0.013163822387544785,1,0,85821.9999999993
2016-04-28,-0.009788994327733672,0.794672,-0.018695573172511925,-1,-1000000,85821.9999999993
2016-04-29,-0.003841298337806604,0.796622,0.0009628016699914913,0,-1000000,83871.9999999993
2016-05-02,0.00326365055052133,0.797257,0.013664655677237021,1,0,83236.9999999993
2016-05-03,0.007747382338561377,0.798148,0.02046427876904277,1,1000000,83236.9999999993
2016-05-04,-0.0002571185683064806,0.787395,0.014313846230226438,1,2000000,72483.99999999929
2016-05-05,0.0020323799775806718,0.7774840000000001,0.016749671899750487,0,2000000,52661.999999999505
2016-05-06,0.001958175277611921,0.778089,0.007577759306197751,0,2000000,53871.99999999944
2016-05-09,-0.0028623999350151485,0.773509,0.001233163283596532,0,2000000,44711.99999999938
2016-05-10,-0.01296704940324082,0.771795,-0.00547280012321152,0,2000000,41283.999999999396
2016-05-11,-0.009444776375321921,0.774216,-0.0078276523210161,0,2000000,46125.99999999941
2016-05-12,-0.008684893391878924,0.777605,-0.004751858156857635,0,2000000,52903.99999999936
2016-05-13,-0.009418638000632787,0.778755,-0.011611103441936645,-1,1000000,69220.49999999932
2016-05-16,-0.010531433686055136,0.771915,-0.012736584682356854,0,1000000,69220.49999999932
2016-05-17,-0.009633026351281139,0.7752600000000001,-0.013203007984780583,0,1000000,69220.49999999932
2016-05-18,-0.005122816469574217,0.774569,-0.009751165695107613,0,1000000,69220.49999999932
2016-05-19,-0.0038579688846967983,0.767872,-0.01369069556217904,-1,0,44320.9999999993
2016-05-20,4.146602823901571e-05,0.764175,-0.009572552161416286,0,0,44320.9999999993
2016-05-23,0.002477647255677725,0.7619630000000001,-0.011170943917252176,-1,-1000000,44320.99999999919
2016-05-24,0.001182628783266984,0.760746,-0.007994567287293962,0,-1000000,45537.999999999214
2016-05-25,-0.00036623506391614616,0.761905,-0.012824761743518018,1,0,44378.9999999993
2016-05-26,-0.01277226944567069,0.767224,-0.015556941802384181,-1,-1000000,44378.9999999993
2016-05-27,-0.00798287594901674,0.770695,-0.012668239700776638,0,-1000000,40907.9999999993
2016-05-30,-0.012853250879658489,0.766518,-0.01988964603310978,0,-1000000,45084.99999999929
2016-05-31,-0.009300861471686609,0.766989,-0.01442671531482217,1,0,44613.9999999993
2016-06-01,0.0061649026763755796,0.764748,-0.010614291151883466,-1,-1000000,44613.9999999993
2016-06-02,0.012346554793217687,0.7648119999999999,-0.0016534196174076052,0,-1000000,44549.999999999345
2016-06-03,0.012930837502528325,0.763709,-0.00030257268306177574,0,-1000000,45652.999999999316
2016-06-06,0.025443214227269795,0.771647,0.018567164658178942,1,0,37714.9999999993
2016-06-07,0.011280793110750913,0.780415,0.011604056794857915,1,1000000,37714.9999999993
2016-06-08,0.013930419784576042,0.7839020000000001,0.01597199848749196,0,1000000,41201.99999999943
2016-06-09,0.0373277856017508,0.788395,0.023257381191548607,-1,0,45694.9999999993
2016-06-10,0.03518568979106307,0.785583,0.014269141034573437,1,1000000,45694.9999999993
2016-06-13,0.0251295082190921,0.7823319999999999,0.0053969513257150345,0,1000000,42443.999999999185
2016-06-14,0.024831305057117427,0.779533,0.0110993812454796,0,1000000,39644.9999999993
2016-06-15,0.015521758838225312,0.777569,0.005266742010097818,0,1000000,37680.99999999923
2016-06-16,0.03188746681522686,0.774713,0.01751280404160544,1,2000000,34824.99999999937
2016-06-17,0.027550138908169756,0.77418,0.019933334055328853,0,2000000,33758.99999999935
2016-06-20,0.025958312599083353,0.778337,0.029264295252037997,0,2000000,42072.99999999929
2016-06-21,0.02549545749108946,0.7813720000000001,0.030022743287174827,0,2000000,48142.99999999953
2016-06-22,0.02596849249380978,0.7811279999999999,0.02309116891044923,-1,1000000,46674.99999999928
2016-06-23,0.028402996454610058,0.780396,0.03073733755275403,-1,0,46922.9999999993
2016-06-24,0.03251432237945009,0.779302,0.02381531691673676,1,1000000,46922.9999999993
2016-06-27,0.02267395843182325,0.76799,-0.004500680800918831,0,1000000,35610.9999999992
2016-06-28,0.009281630353617997,0.765363,-0.013268822144698331,-1,0,32983.9999999993
2016-06-29,0.014843171477065514,0.768108,-0.011121773342103283,-1,-1000000,32983.9999999993
2016-06-30,0.015559279053026915,0.773138,-0.007980310181147095,0,-1000000,27953.999999999323
2016-07-01,0.016768725375518732,0.771724,-0.010545086887441095,0,-1000000,29367.99999999935
2016-07-04,0.018974616633464066,0.774533,-0.008016260819575427,0,-1000000,26558.999999999287
2016-07-05,0.020148214980064666,0.7771640000000001,-0.0054077000121665,0,-1000000,23927.999999999236
2016-07-06,0.011927779122814975,0.7689,-0.008723710091896993,0,-1000000,32191.999999999287
2016-07-07,0.00868984002836816,0.771605,-0.006476375146610677,0,-1000000,29486.99999999933
2016-07-08,0.026609521867871657,0.769408,-0.0023963646675915773,0,-1000000,31683.999999999334
2016-07-11,0.037960477359354844,0.7665770000000001,0.0034286142481109428,0,-1000000,34514.99999999925
2016-07-12,0.02813751179716248,0.762021,-0.0007246612889431071,1,0,39070.9999999993
2016-07-13,0.032620809292756126,0.765837,-0.004199438950715146,0,0,39070.9999999993
2016-07-14,0.020388054762436957,0.770754,-0.008068084633807789,0,0,39070.9999999993
2016-07-15,-0.0025648705509037847,0.774695,-0.012234299481248953,-1,-1000000,39070.9999999993
2016-07-18,-0.016411127395175747,0.77179,-0.01764515394523211,0,-1000000,41975.999999999345
2016-07-19,-0.02312061684412266,0.771724,-0.018059624550974533,1,0,42041.9999999993
2016-07-20,-0.017328637386356423,0.76766,-0.020068284815061805,-1,-1000000,42041.9999999993
2016-07-21,-0.02990895980382978,0.765275,-0.020073347107523277,0,-1000000,44426.99999999927
2016-07-22,-0.02103959688008867,0.764894,-0.01011337884795579,1,0,44807.9999999993
2016-07-25,-0.01667242210146348,0.761296,-0.013306226751485193,-1,-1000000,44807.9999999993
2016-07-26,-0.014441684773217289,0.756264,-0.005251508291352179,0,-1000000,49839.99999999923
2016-07-27,-0.003566829582219452,0.758985,-0.0025963438914840416,1,0,47118.9999999993
2016-07-28,-0.000550392158863133,0.761191,0.0030448858546879287,0,0,47118.9999999993
2016-07-29,-0.0006160664583108929,0.760346,0.004842227851885173,0,0,47118.9999999993
2016-08-01,0.013438184610223359,0.765796,0.020451315718939652,1,1000000,47118.9999999993
2016-08-02,0.013473910070776883,0.76205,0.02043620659741072,0,1000000,43372.99999999927
2016-08-03,0.018512293453906405,0.763044,0.03202701332175882,0,1000000,44366.999999999214
2016-08-04,0.005294232839078516,0.7651399999999999,0.020290242564743693,0,1000000,46462.9999999992
2016-08-05,0.007379973585924533,0.768321,0.015295733979009662,0,1000000,49643.9999999993
2016-08-08,0.006090459480826294,0.758731,0.013217278026182212,-1,0,40053.9999999993
2016-08-09,0.010865676627834407,0.76015,0.012061409516794238,1,1000000,40053.9999999993
2016-08-10,0.013314606668340603,0.7623810000000001,0.0126517783549254,0,1000000,42284.999999999396
2016-08-11,0.03429553973998616,0.765931,0.023251650426520717,-1,0,45834.9999999993
2016-08-12,0.013862039563930478,0.770173,0.008688491757477903,0,0,45834.9999999993
2016-08-15,0.00752271792905067,0.771682,0.005981220128880267,0,0,45834.9999999993
2016-08-16,0.008970028010721397,0.7735449999999999,0.005839449453110936,0,0,45834.9999999993
2016-08-17,0.018086000704250826,0.777406,0.01842560835248531,1,1000000,45834.9999999993
2016-08-18,0.01048531933030641,0.778555,0.014817633058714386,0,1000000,46983.99999999926
2016-08-19,0.007461467276353509,0.78273,0.016122055413308863,-1,0,51158.9999999993
2016-08-22,0.005837978248956415,0.775699,0.008286798557493733,0,0,51158.9999999993
2016-08-23,0.014161616738645338,0.772798,0.014900943169451343,1,1000000,51158.9999999993
2016-08-24,0.00981466245136964,0.7740239999999999,0.010691048714177791,0,1000000,52384.99999999925
2016-08-25,0.01772881967323257,0.773311,0.008529768923747776,-1,0,51671.9999999993
2016-08-26,0.011734161287498095,0.7744489999999999,0.006260915392173513,0,0,51671.9999999993
2016-08-29,0.0011254743921365806,0.768356,-0.008398946091421399,0,0,51671.9999999993
2016-08-30,0.007838726129041712,0.76864,-0.005877311995061708,0,0,51671.9999999993
2016-08-31,0.007731079288680773,0.764135,-0.010989415525914236,-1,-1000000,51671.9999999993
2016-09-01,0.008985924795307179,0.7628229999999999,-0.009525289203847324,0,-1000000,52983.99999999939
2016-09-02,0.01713177464787498,0.763709,-0.000792395392069697,1,0,52097.9999999993
2016-09-05,0.01034982298606161,0.769586,-0.009499998561794436,0,0,52097.9999999993
2016-09-06,0.008608877569223784,0.773443,-0.010010073493828634,-1,-1000000,52097.9999999993
2016-09-07,0.025610104322304296,0.778458,0.010228283229461635,1,0,47082.9999999993
2016-09-08,0.03273985743663631,0.776271,0.009819119807285307,0,0,47082.9999999993
2016-09-09,0.02324582287337947,0.773934,0.006723034479407074,0,0,47082.9999999993
2016-09-12,0.01398445763113151,0.766401,0.002390545806670945,0,0,47082.9999999993
2016-09-13,0.016885954009005083,0.76746,0.007592345704949266,0,0,47082.9999999993
2016-09-14,-3.790283081821916e-07,0.760011,-0.001939202359213076,0,0,47082.9999999993
2016-09-15,0.005552276688930995,0.757943,0.005475809136570513,0,0,47082.9999999993
2016-09-16,0.012414481234040263,0.759936,0.00896009814540908,0,0,47082.9999999993
2016-09-19,0.0039982267069128136,0.75765,-0.002521934418357921,0,0,47082.9999999993
2016-09-20,0.009122852082257195,0.7574609999999999,0.0032165771564617216,0,0,47082.9999999993
2016-09-21,0.010190182659268413,0.758622,0.0030421443648152124,0,0,47082.9999999993
2016-09-22,0.007917948391380075,0.764374,0.008229034734598576,0,0,47082.9999999993
2016-09-23,-0.0005836218391009511,0.766466,0.00699163879686669,0,0,47082.9999999993
2016-09-26,-0.008504098379133743,0.760364,0.007257773095151564,0,0,47082.9999999993
2016-09-27,0.002397383470571806,0.7560060000000001,0.014216472729489978,1,1000000,47082.9999999993
2016-09-28,0.003887156549280519,0.757174,0.012303050082036792,0,1000000,48250.99999999925
2016-09-29,-0.006237314405214498,0.765451,0.0029890161056329505,-1,0,56527.999999999185
2016-09-30,-0.007134913242076286,0.7603,0.003850057969022893,0,0,56527.999999999185
2016-10-03,-0.005204991520097483,0.761464,0.00021615863156597653,0,0,56527.999999999185
2016-10-04,-0.0016985116228052182,0.762433,-0.002222945880163036,0,0,56527.999999999185
2016-10-05,-0.012845547778649716,0.757777,-0.008750486261758408,0,0,56527.999999999185
2016-10-06,-0.014895156634603512,0.758898,-0.009193304510171276,0,0,56527.999999999185
2016-10-07,-0.012632907534482315,0.75643,-0.017139013853569546,-1,-1000000,56527.999999999185
2016-10-10,-0.008896362523047428,0.754637,-0.009226095399568856,0,-1000000,58320.99999999923
2016-10-11,-0.018800063335594582,0.759474,-0.02030506771663024,1,0,53483.999999999185
2016-10-12,-0.020779570019275016,0.755904,-0.02258838126804956,-1,-1000000,53483.999999999185
2016-10-13,-0.02190478021582231,0.753273,-0.025062518595002588,0,-1000000,56114.999999999236
2016-10-14,-0.01887280269776912,0.757444,-0.02201450434722551,1,0,51943.999999999185
2016-10-17,-0.02062500326338097,0.760937,-0.027697844847804635,-1,-1000000,51943.999999999185
2016-10-18,-0.008410213712025091,0.762497,-0.020534554176890943,0,-1000000,50383.99999999918
2016-10-19,-0.002831111931516278,0.762899,-0.01824937931910072,0,-1000000,49981.99999999916
2016-10-20,0.0034911163572361415,0.761423,-0.011875385913030426,0,-1000000,51457.9999999992
2016-10-21,0.0028681863243268423,0.756029,-0.013473450656690221,0,-1000000,56851.99999999921
2016-10-24,0.004409023693852539,0.748895,-0.008760691279880972,1,0,63985.999999999185
2016-10-25,0.0005062806957533625,0.74912,-0.009009301948039504,0,0,63985.999999999185
2016-10-26,0.007817543557442637,0.748951,-0.004112065002616033,0,0,63985.999999999185
2016-10-27,0.006669700891473582,0.747725,-0.00130185974008085,0,0,63985.999999999185
2016-10-28,0.002891266598894611,0.746977,-0.0044089489035348175,0,0,63985.999999999185
2016-10-31,0.01086110177207408,0.746157,0.00472839389249865,0,0,63985.999999999185
2016-11-01,0.010823411398320297,0.745223,0.005302738190661094,0,0,63985.999999999185
2016-11-02,0.017542453643088866,0.7467699999999999,0.014635584000577915,1,1000000,63985.999999999185
2016-11-03,0.0302842143912846,0.746603,0.02138340834260511,0,1000000,63818.999999999265
2016-11-04,0.03729835340604844,0.7467090000000001,0.025490569288123106,0,1000000,63924.999999999316
2016-11-07,0.031450078788747914,0.748542,0.020224029122063135,0,1000000,65757.99999999929
2016-11-08,0.03301355988622843,0.747898,0.018770271838160022,-1,0,65113.9999999993
2016-11-09,0.03191837084523456,0.752134,0.011583302591737937,1,1000000,65113.9999999993
2016-11-10,0.020846579444284745,0.745579,0.0059220995030288565,0,1000000,58558.99999999932
2016-11-11,0.008740466797884015,0.742368,0.00262219001009698,0,1000000,55347.99999999936
2016-11-14,-0.009864288910319,0.7393,-0.003161895776403309,0,1000000,52279.99999999929
2016-11-15,-0.005748201312309789,0.738667,-0.0088237850694873,0,1000000,51646.999999999294
2016-11-16,-0.017098808722919287,0.743224,-0.019247752589956722,-1,0,56203.9999999993
2016-11-17,-0.017926957072834468,0.744801,-0.0221884333237823,-1,-1000000,56203.9999999993
2016-11-18,-0.02527224875135159,0.738754,-0.02826221137213832,0,-1000000,62250.99999999932
2016-11-21,-0.029686437903301895,0.740302,-0.03582099329165337,1,0,60702.9999999993
2016-11-22,-0.020188845123731303,0.7458229999999999,-0.030453724807821277,-1,-1000000,60702.9999999993
2016-11-23,-0.019633885699018874,0.744491,-0.02953875733705371,0,-1000000,62034.99999999919
2016-11-24,-0.027334485213202434,0.740658,-0.03410920708749358,1,0,65867.99999999919
2016-11-25,-0.02488385795464394,0.7412350000000001,-0.03127723391915899,-1,-1000000,65867.99999999919
2016-11-28,-0.01538856011700588,0.7398640000000001,-0.021827206767298275,0,-1000000,67238.9999999992
2016-11-29,-0.01464539924491713,0.746085,-0.02270494323291044,1,0,61017.9999999993
2016-11-30,-0.0036812693636792617,0.7445350000000001,-0.01691988185604989,-1,-1000000,61017.99999999919
2016-12-01,-0.012449728989137605,0.744857,-0.02539307235197622,0,-1000000,60695.99999999926
2016-12-02,-0.013106709322574666,0.75149,-0.0211480118134463,0,-1000000,54062.99999999926
2016-12-05,-0.009411469713895696,0.750728,-0.01825578090668503,0,-1000000,54824.9999999993
2016-12-06,-0.0030101111669439034,0.753466,-0.008887803693302075,0,-1000000,52086.99999999928
2016-12-07,-0.0034864094805574777,0.753182,-0.009782618699934133,0,-1000000,52370.99999999923
2016-12-08,0.004297820868169882,0.7560859999999999,-0.0065280537023673585,0,-1000000,49466.99999999932
2016-12-09,0.0031544300965235077,0.7578630000000001,-0.014233085071075516,-1,-2000000,47689.99999999907
2016-12-12,-0.008237274100970636,0.761678,-0.021682818115903696,0,-2000000,40059.99999999927
2016-12-13,0.004116935192274233,0.7618060000000001,-0.010785228747143778,0,-2000000,39803.99999999901
2016-12-14,0.005190011400669006,0.76136,-0.009249509121946086,0,-2000000,40695.99999999913
2016-12-15,-0.00045697494137112923,0.752683,-0.01402343270507476,0,-2000000,58049.99999999922
2016-12-16,-0.008560648181332174,0.750013,-0.02030207039518925,0,-2000000,63389.99999999912
2016-12-19,-0.02099032012172612,0.7496649999999999,-0.020663642155302125,1,-1000000,65619.9999999994
2016-12-20,-0.021235775296327527,0.7460680000000001,-0.019289567068890012,-1,-2000000,71103.66666666596
2016-12-21,-0.021306660490459907,0.747876,-0.020974681287561678,1,-1000000,67292.33333333279
2016-12-22,-0.02030230857793804,0.744502,-0.0162691705075352,1,0,67440.9999999993
2016-12-23,-0.015947722517844227,0.7417630000000001,-0.013156882936708624,-1,-1000000,67440.9999999993
2016-12-26,-0.014913644619945963,0.739634,-0.010914787612579791,0,-1000000,69569.99999999935
2016-12-27,-0.013508496261989248,0.7395079999999999,-0.009693006999579036,1,0,69695.99999999942
2016-12-28,-0.006965174664810909,0.73661,-0.00514925545498523,0,0,69695.99999999942
2016-12-29,-0.0033081616623260243,0.737866,-0.006326327961031515,0,0,69695.99999999942
2016-12-30,-0.0008566370276123156,0.7419439999999999,0.002169301310613135,0,0,69695.99999999942
2017-01-02,-0.0075661668535974315,0.74438,-0.003063906184806584,0,0,69695.99999999942
2017-01-03,-0.00648413858449892,0.74397,-0.0067562953476368376,0,0,69695.99999999942
2017-01-04,-0.0077405758532407415,0.745057,-0.008099356973854275,0,0,69695.99999999942
2017-01-05,-0.008007426698988513,0.7519359999999999,-0.005082415944417804,0,0,69695.99999999942
2017-01-06,-0.0029374046071133286,0.755892,0.004302679774164221,0,0,69695.99999999942
2017-01-09,-0.008909874206876675,0.755184,-0.005653870658816937,0,0,69695.99999999942
2017-01-10,-0.0023763442337087553,0.756767,-0.00036465795065989103,0,0,69695.99999999942
2017-01-11,-0.0041813329584658825,0.755059,-0.000679715351760673,0,0,69695.99999999942
2017-01-12,0.003600514144467829,0.759694,0.0039687108158923505,0,0,69695.99999999942
2017-01-13,0.009119282084673396,0.760422,0.00664521141312648,0,0,69695.99999999942
2017-01-16,0.009650946366717029,0.761847,0.005160522020476081,0,0,69695.99999999942
2017-01-17,0.0075345739354007665,0.759013,0.004822973076797106,0,0,69695.99999999942
2017-01-18,0.013500456061956965,0.765597,0.013102453166311022,1,1000000,69695.99999999942
2017-01-19,0.01397752619543953,0.753864,0.012837127784110319,1,2000000,57962.999999999425
2017-01-20,0.024277150189326344,0.7506659999999999,0.020188813960710678,0,2000000,51566.99999999936
2017-01-23,0.021336022879217452,0.7516649999999999,0.02307271504492163,0,2000000,53564.9999999993
2017-01-24,0.022149648135695907,0.755418,0.02439683077806004,0,2000000,61070.999999999534
2017-01-25,0.01876556358884926,0.7602479999999999,0.015936098969797797,0,2000000,70730.99999999932
2017-01-26,0.01788528540763542,0.7651399999999999,0.013126191632810973,-1,1000000,75105.49999999937
2017-01-27,0.010845358088748609,0.763942,0.007063581440701402,-1,0,79316.99999999942
2017-01-30,0.0148914001448173,0.761528,0.010679127932153136,1,1000000,79316.99999999942
2017-01-31,0.01418727773986795,0.763225,0.009412214241340592,0,1000000,81013.99999999948
2017-02-01,0.008567992917806518,0.7671060000000001,0.009935596593342264,-1,0,84894.99999999953
2017-02-02,0.0034359446610622204,0.76636,0.006397802311700686,0,0,84894.99999999953
2017-02-03,0.004763291380001993,0.767442,0.005997977379123205,0,0,84894.99999999953
2017-02-06,0.005842508708876043,0.768155,0.005562505537529019,0,0,84894.99999999953
2017-02-07,0.008675394900222337,0.764234,0.007780499933145114,0,0,84894.99999999953
2017-02-08,0.011075811290305625,0.758133,0.008268213352083451,0,0,84894.99999999953
2017-02-09,0.0007861381561341725,0.760699,0.005120922426144729,0,0,84894.99999999953
2017-02-10,-0.004764438630868909,0.761441,-0.0014085858685115942,0,0,84894.99999999953
2017-02-13,-0.00609348610290112,0.762317,-0.00404799428279053,0,0,84894.99999999953
2017-02-14,-0.010526040654572154,0.765023,-0.008138173466431682,0,0,84894.99999999953
2017-02-15,-0.010763961801264333,0.764456,-0.008788262405289286,0,0,84894.99999999953
2017-02-16,-0.005947710250847971,0.765246,-0.005898982421961697,0,0,84894.99999999953
2017-02-17,-0.005761592505772973,0.764807,-0.0016487481789726913,0,0,84894.99999999953
2017-02-20,-0.00819425019276924,0.764047,-0.004015221377149169,0,0,84894.99999999953
2017-02-21,-0.007166752060461161,0.7630560000000001,-0.0027653988149355657,0,0,84894.99999999953
2017-02-22,-0.005582826903107938,0.76067,-0.003738714466695823,0,0,84894.99999999953
2017-02-23,-0.00211892806538625,0.759613,-0.0017371312536076777,0,0,84894.99999999953
2017-02-24,-0.00021028314980660123,0.763324,-0.000564373561475213,0,0,84894.99999999953
2017-02-27,-0.002941228496661343,0.7622359999999999,-0.0033917390076460244,0,0,84894.99999999953
2017-02-28,0.0006066350182753382,0.758328,0.0009168642988548608,0,0,84894.99999999953
2017-03-01,0.006120937439822402,0.7512409999999999,0.006073864128038057,0,0,84894.99999999953
2017-03-02,0.0018346201215124827,0.748951,0.0036170383927304262,0,0,84894.99999999953
2017-03-03,-0.001497189633308086,0.746675,0.0010155933146660727,0,0,84894.99999999953
2017-03-06,-0.004314330764336533,0.747272,0.004717409476514091,0,0,84894.99999999953
2017-03-07,-0.007019042814582998,0.7461909999999999,0.002264929858537592,0,0,84894.99999999953
2017-03-08,-0.008324654894529517,0.745684,0.001732221560659429,0,0,84894.99999999953
2017-03-09,-0.008092923191739054,0.74151,0.001687825398064459,0,0,84894.99999999953
2017-03-10,-0.008134339777060073,0.740368,0.0019651039271538604,0,0,84894.99999999953
2017-03-13,-0.007371519373819288,0.743025,0.004410591651010392,0,0,84894.99999999953
2017-03-14,-0.007887559002494347,0.743428,0.0036974146766771284,0,0,84894.99999999953
2017-03-15,-0.005292664557677337,0.7422529999999999,0.002892958026036698,0,0,84894.99999999953
2017-03-16,-0.004768580393065419,0.752061,0.0067575687493933705,0,0,84894.99999999953
2017-03-17,-0.0076596522865199634,0.750604,0.00834679056823735,0,0,84894.99999999953
2017-03-20,-0.0020774556703696454,0.750019,0.010233171706347593,1,1000000,84894.99999999953
2017-03-21,0.00047344094934365023,0.749754,0.010458342328965732,0,1000000,84629.99999999958
2017-03-22,0.0007744853820680504,0.748671,0.01424476799457748,0,1000000,83546.99999999952
2017-03-23,-0.0004262918753683004,0.750075,0.011720131456931987,0,1000000,84950.99999999959
2017-03-24,-0.000327117175448313,0.7491479999999999,0.010910157016079931,-1,0,84023.99999999942
2017-03-27,0.0004289255834054495,0.7504970000000001,0.01236550232781812,1,1000000,84023.99999999942
2017-03-28,0.004538366867259732,0.7469100000000001,0.015953598182187237,0,1000000,80436.99999999942
2017-03-29,0.00011629933556573172,0.747529,0.009673161602986768,0,1000000,81055.99999999933
2017-03-30,0.001061485059016552,0.750131,0.005354517555651954,0,1000000,83657.99999999933
2017-03-31,-0.0018785710381708713,0.750047,0.0004774162626988782,0,1000000,83573.99999999936
2017-04-03,-0.0017608718270683025,0.750424,-0.0005112619532187272,0,1000000,83950.99999999932
2017-04-04,0.002901643044809296,0.7471270000000001,0.002298531402144259,0,1000000,80653.99999999943
2017-04-05,-0.0011589978803121766,0.746386,-0.0001915486487352726,0,1000000,79912.99999999933
2017-04-06,0.0007595978273121059,0.744358,0.0015231159798234088,0,1000000,77884.9999999993
2017-04-07,-0.0007017430513436354,0.7452449999999999,-0.0027560911844380738,0,1000000,78771.99999999927
2017-04-10,-0.004952212150200615,0.745879,-0.009338031871352926,0,1000000,79405.9999999993
2017-04-11,-0.007004133856239624,0.75061,-0.01135477504931712,-1,0,84136.9999999993
2017-04-12,-0.007211421740312455,0.7504350000000001,-0.008654311939917527,0,0,84136.9999999993
2017-04-13,-0.007615967281030014,0.7551439999999999,-0.0068567299437567565,0,0,84136.9999999993
2017-04-14,-0.002147796647982576,0.7498279999999999,-0.0036935106613439506,0,0,84136.9999999993
2017-04-17,-0.0011862299644707945,0.751145,-0.0025444334676465565,0,0,84136.9999999993
2017-04-18,-0.0005427947838768876,0.750441,-0.0011401780714682965,0,0,84136.9999999993
2017-04-19,0.006165009250848066,0.747267,0.010701531943817458,1,1000000,84136.9999999993
2017-04-20,0.010606553303917712,0.741675,0.01199854912341179,0,1000000,78544.99999999926
2017-04-21,0.004780901988456664,0.742065,0.0100013014407849,0,1000000,78934.99999999926
2017-04-24,0.010418272606677133,0.741675,0.017372956453487864,0,1000000,78544.99999999926
2017-04-25,0.010654042662291424,0.738062,0.018712173410403918,0,1000000,74931.99999999929
2017-04-26,0.004835239923332266,0.736708,0.01821762974063624,1,2000000,73577.99999999932
2017-04-27,0.001850450998390563,0.734236,0.01649993556713353,0,2000000,68633.99999999926
2017-04-28,-1.00383210642329e-05,0.733789,0.014080800221052724,0,2000000,67739.9999999993
2017-05-01,-0.0005003380043298866,0.7330300000000001,0.015538330608975368,0,2000000,66221.9999999994
2017-05-02,0.00626544133769108,0.731422,0.017458711514630822,0,2000000,63005.99999999929
2017-05-03,0.01186798727590665,0.7295699999999999,0.02208548557173933,0,2000000,59301.99999999914
2017-05-04,0.003941644831381033,0.728475,0.011366178620255185,0,2000000,57111.99999999923
2017-05-05,0.003590102125897259,0.727209,0.016592719791005954,0,2000000,54579.99999999924
2017-05-08,0.001751834848509927,0.731459,0.010283261443478147,0,2000000,63079.9999999992
2017-05-09,0.004490288363901794,0.730263,0.004584653268379363,0,2000000,60687.99999999924
2017-05-10,0.0018601750404213012,0.729554,-0.002713792838672268,0,2000000,59269.99999999933
2017-05-11,-0.005707161153390039,0.7293569999999999,-0.0071969894645414895,0,2000000,58875.9999999991
2017-05-12,-0.004999709498138391,0.729719,-0.006963196074280414,0,2000000,59599.99999999927
2017-05-15,-0.0019081149859698403,0.7289899999999999,-0.0012300064120833152,0,2000000,58141.99999999909
2017-05-16,-0.004072527922054828,0.7337670000000001,-0.002148071453470523,0,2000000,67695.99999999937
2017-05-17,-0.004663517719242136,0.73463,0.005014349699064792,0,2000000,69421.99999999927
2017-05-18,0.0005297041856403453,0.735354,0.011895817746101251,0,2000000,70869.99999999916
2017-05-19,-0.004116514012925145,0.735105,0.007644569766135379,0,2000000,70371.99999999927
2017-05-22,-0.0038344015831926793,0.739853,0.01008863453550578,0,2000000,79867.99999999923
2017-05-23,0.0032112889607527825,0.741185,0.011954921971954956,0,2000000,82531.99999999923
2017-05-24,0.005157125182626688,0.739579,0.008443164810420982,0,2000000,79319.99999999923
2017-05-25,0.003183969790649289,0.7455510000000001,0.007620836460717781,0,2000000,91263.9999999994
2017-05-26,0.003374140016709142,0.741653,0.006913524188503758,-1,1000000,83802.49999999929
2017-05-29,0.004918436397696058,0.7433069999999999,0.003003902572859817,0,1000000,83802.49999999929
2017-05-30,0.005803604153291607,0.742203,0.0014389258675562698,0,1000000,83802.49999999929
2017-05-31,0.009429947808582334,0.742379,0.005822080679113015,0,1000000,83802.49999999929
2017-06-01,0.009691697702322226,0.741268,0.010549718966839204,0,1000000,83802.49999999929
2017-06-02,0.008214648037598244,0.739891,0.006781803393113957,0,1000000,83802.49999999929
2017-06-05,0.014756940502502328,0.740829,0.014599028953065979,0,1000000,83802.49999999929
2017-06-06,0.01217793534843379,0.741966,0.013424319278987113,0,1000000,83802.49999999929
2017-06-07,0.015060797089873398,0.743517,0.015141728474694426,0,1000000,83802.49999999929
2017-06-08,0.01782266288296423,0.740165,0.01705801953148115,0,1000000,83802.49999999929
2017-06-09,0.01785698825989634,0.73953,0.00902595003466653,0,1000000,83802.49999999929
2017-06-12,0.014033909166727154,0.743157,0.004686700184800964,0,1000000,83802.49999999929
2017-06-13,0.004838766716590103,0.751236,-0.004129572363131879,0,1000000,83802.49999999929
2017-06-14,0.00029797906691336057,0.755264,-0.007021482021260371,0,1000000,83802.49999999929
2017-06-15,0.003998771684216744,0.755156,-0.0034021180012169775,0,1000000,83802.49999999929
2017-06-16,-0.00043721657424821564,0.754375,-0.009339785130442962,0,1000000,83802.49999999929
2017-06-19,0.0025918223529386598,0.756899,-0.005784702298183776,0,1000000,83802.49999999929
2017-06-20,-0.0011847475997587495,0.7560859999999999,-0.011261135314397437,-1,0,97900.9999999993
2017-06-21,0.0021369748719260485,0.7535850000000001,-0.009368122937069795,0,0,97900.9999999993
2017-06-22,0.00532894281167506,0.7504689999999999,-0.004343009553990283,0,0,97900.9999999993
2017-06-23,0.0007345791481274018,0.7558010000000001,-0.009336049795179822,0,0,97900.9999999993
2017-06-26,0.004039857541024542,0.754051,-0.0027255390099551018,0,0,97900.9999999993
2017-06-27,0.0031307686846512774,0.754296,-0.005276151278289689,0,0,97900.9999999993
2017-06-28,-0.0030673334753476174,0.7585529999999999,-0.0009109605465651062,0,0,97900.9999999993
2017-06-29,-0.0073181411847282885,0.766954,-0.0026107372133206087,0,0,97900.9999999993
2017-06-30,-0.009212912888972895,0.7696689999999999,0.0011369616749386659,0,0,97900.9999999993
2017-07-03,-0.006854533489246181,0.770737,-0.0006251307082443562,0,0,97900.9999999993
2017-07-04,-0.010443154665673526,0.7698050000000001,-0.007008865329789986,0,0,97900.9999999993
2017-07-05,-0.012641867634751867,0.773306,-0.011058055511406076,-1,-1000000,97900.9999999993
2017-07-06,-0.010729099146372325,0.7716529999999999,-0.009357836539782049,0,-1000000,99553.99999999943
2017-07-07,-0.008472642651872505,0.770505,-0.003801682482436609,1,0,100701.9999999993
2017-07-10,-0.013848514760870146,0.7763369999999999,-0.012232334673082747,-1,-1000000,100701.99999999942
2017-07-11,,,,0,-1000000,
2017-07-12,,0.7745449999999999,,0,-1000000,102493.99999999943
2017-07-13,,0.784326,,1,0,92712.9999999993
2017-07-14,,0.7857430000000001,,0,0,92712.9999999993
2017-07-17,,0.791027,,0,0,92712.9999999993
2017-07-18,,0.7875939999999999,,0,0,92712.9999999993
2017-07-19,,0.7916529999999999,,0,0,92712.9999999993
2017-07-20,,0.793651,,0,0,92712.9999999993
2017-07-21,,0.79389,,0,0,92712.9999999993
2017-07-24,,0.797798,,0,0,92712.9999999993
2017-07-25,,0.799655,,0,0,92712.9999999993
2017-07-26,,0.799584,,0,0,92712.9999999993
2017-07-27,,0.803084,,0,0,92712.9999999993
2017-07-28,,0.797461,,0,0,92712.9999999993
2017-07-31,,0.802478,,0,0,92712.9999999993
2017-08-01,,0.799552,,0,0,92712.9999999993
2017-08-02,,0.797035,,0,0,92712.9999999993
2017-08-03,,0.7954180000000001,,0,0,92712.9999999993
2017-08-04,,0.7956529999999999,,0,0,92712.9999999993
2017-08-07,,0.791077,,0,0,92712.9999999993
2017-08-08,,0.7889550000000001,,0,0,92712.9999999993
2017-08-09,,0.789216,,0,0,92712.9999999993
2017-08-10,,0.7876989999999999,,0,0,92712.9999999993
2017-08-11,,0.7849659999999999,,0,0,92712.9999999993
2017-08-14,,0.789042,,0,0,92712.9999999993
2017-08-15,,0.785601,,0,0,92712.9999999993
2017-08-16,,0.784135,,0,0,92712.9999999993
2017-08-17,,0.792111,,0,0,92712.9999999993
2017-08-18,,0.788395,,0,0,92712.9999999993
2017-08-21,,0.794553,,0,0,92712.9999999993
2017-08-22,,0.79628,,0,0,92712.9999999993
2017-08-23,,0.795842,,0,0,92712.9999999993
2017-08-24,,0.797238,,0,0,92712.9999999993
2017-08-25,,0.799175,,0,0,92712.9999999993
2017-08-28,,0.801809,,0,0,92712.9999999993
2017-08-29,,0.799092,,0,0,92712.9999999993
2017-08-30,,0.7990729999999999,,0,0,92712.9999999993
2017-08-31,,0.791929,,0,0,92712.9999999993
2017-09-01,,0.801796,,0,0,92712.9999999993
2017-09-04,,0.807852,,0,0,92712.9999999993
2017-09-05,,0.805614,,0,0,92712.9999999993
2017-09-06,,0.8085319999999999,,0,0,92712.9999999993
2017-09-07,,0.817448,,0,0,92712.9999999993
2017-09-08,,0.825852,,0,0,92712.9999999993
2017-09-11,,0.82295,,0,0,92712.9999999993
2017-09-12,,0.8259479999999999,,0,0,92712.9999999993
2017-09-13,,0.8214229999999999,,0,0,92712.9999999993
2017-09-14,,0.8217469999999999,,0,0,92712.9999999993
2017-09-15,,0.822166,,0,0,92712.9999999993
2017-09-18,,0.819807,,0,0,92712.9999999993
2017-09-19,,0.814326,,0,0,92712.9999999993
2017-09-20,,0.813689,,0,0,92712.9999999993
2017-09-21,,0.810018,,0,0,92712.9999999993
2017-09-22,,0.811431,,0,0,92712.9999999993
2017-09-25,,0.809979,,0,0,92712.9999999993
2017-09-26,,0.808394,,0,0,92712.9999999993
2017-09-27,,0.808819,,0,0,92712.9999999993
2017-09-28,,0.801179,,0,0,92712.9999999993
2017-09-29,,0.804098,,0,0,92712.9999999993
2017-10-02,,0.801719,,0,0,92712.9999999993
2017-10-03,,0.798913,,0,0,92712.9999999993
2017-10-04,,0.800628,,0,0,92712.9999999993
2017-10-05,,0.801346,,0,0,92712.9999999993
2017-10-06,,0.795621,,0,0,92712.9999999993
2017-10-09,,0.797683,,0,0,92712.9999999993
2017-10-10,,0.796635,,0,0,92712.9999999993
2017-10-11,,0.799488,,0,0,92712.9999999993
2017-10-12,,0.803316,,0,0,92712.9999999993
2017-10-13,,0.801603,,0,0,92712.9999999993
2017-10-16,,0.801475,,0,0,92712.9999999993
2017-10-17,,0.798531,,0,0,92712.9999999993
2017-10-18,,0.800128,,0,0,92712.9999999993
2017-10-19,,0.802195,,0,0,92712.9999999993
2017-10-20,,0.801237,,0,0,92712.9999999993
2017-10-23,,0.791327,,0,0,92712.9999999993
2017-10-24,,0.7912020000000001,,0,0,92712.9999999993
2017-10-25,,0.789204,,0,0,92712.9999999993
2017-10-26,,0.7816770000000001,,0,0,92712.9999999993
2017-10-27,,0.778331,,0,0,92712.9999999993
2017-10-30,,0.7793439999999999,,0,0,92712.9999999993
2017-10-31,,0.77977,,0,0,92712.9999999993
2017-11-01,,0.7757229999999999,,0,0,92712.9999999993
2017-11-02,,0.776741,,0,0,92712.9999999993
2017-11-03,,0.780792,,0,0,92712.9999999993
2017-11-06,,0.7836989999999999,,0,0,92712.9999999993
2017-11-07,,0.786559,,0,0,92712.9999999993
2017-11-08,,0.783613,,0,0,92712.9999999993
2017-11-09,,0.785682,,0,0,92712.9999999993
2017-11-10,,0.788749,,0,0,92712.9999999993
2017-11-13,,0.78791,,0,0,92712.9999999993
2017-11-14,,0.785133,,0,0,92712.9999999993
2017-11-15,,0.785238,,0,0,92712.9999999993
2017-11-16,,,,0,0,92712.9999999993
2017-11-17,,0.783828,,0,0,92712.9999999993
2017-11-20,,0.7817390000000001,,0,0,92712.9999999993
2017-11-21,,0.780439,,0,0,92712.9999999993
2017-11-22,,0.78284,,0,0,92712.9999999993
2017-11-23,,0.787092,,0,0,92712.9999999993
2017-11-24,,0.786621,,0,0,92712.9999999993
2017-11-27,,0.786535,,0,0,92712.9999999993
2017-11-28,,0.7837970000000001,,0,0,92712.9999999993
2017-11-29,,0.780354,,0,0,92712.9999999993
2017-11-30,,0.7774840000000001,,0,0,92712.9999999993
2017-12-01,,0.7757109999999999,,0,0,92712.9999999993
2017-12-04,,0.786281,,0,0,92712.9999999993
2017-12-05,,0.78883,,0,0,92712.9999999993
2017-12-06,,0.787774,,0,0,92712.9999999993
2017-12-07,,0.78205,,0,0,92712.9999999993
2017-12-08,,0.777726,,0,0,92712.9999999993
2017-12-11,,0.777605,,0,0,92712.9999999993
2017-12-12,,0.7780279999999999,,0,0,92712.9999999993
2017-12-13,,0.777122,,0,0,92712.9999999993
2017-12-14,,0.780275,,0,0,92712.9999999993
2017-12-15,,0.781586,,0,0,92712.9999999993
2017-12-18,,0.7767350000000001,,0,0,92712.9999999993
2017-12-19,,0.777309,,0,0,92712.9999999993
2017-12-20,,0.776506,,0,0,92712.9999999993
2017-12-21,,0.7796420000000001,,0,0,92712.9999999993
2017-12-22,,0.785176,,0,0,92712.9999999993
2017-12-25,,0.7857930000000001,,0,0,92712.9999999993
2017-12-26,,0.786442,,0,0,92712.9999999993
2017-12-27,,0.788208,,0,0,92712.9999999993
2017-12-28,,0.790533,,0,0,92712.9999999993
2017-12-29,,0.79583,,0,0,92712.9999999993
2018-01-01,,0.794862,,0,0,92712.9999999993
2018-01-02,,0.796495,,0,0,92712.9999999993
